id,imagenum,year,keywords,_titel,_personen,_material,_zustandsbeschreibung,_kommentar,_objektgeschichte
KnF-1756-1,20,1756,"Reskript,Dokumentenanhang,Österreich,Staatsschrift","Kaiserlich-Königliches Circular-Rescript de dato den 20. Septembris 1756, 1756;","Maria Theresia <Österreich, Erzherzogin, 1717-1780>, beteiligte Person;","Papier, gedruckt, gefaltet;",,"Wien und Prag, zu finden in den Trattnerischen Buchhandlungen",
KnF-1756-2,7,1756,"Staatsschrift,Dokumentenanhang,Bündnissystem","Acta Publica, oder Sammlung aller Staatsschriften, welche seit denen im Jahre 1756 zu London und Versailles geschlossenen Allianz-Tractaten an das Licht gekommen sind und noch kommen werden. Erster Theil., 1756;",,"Papier, gedruckt, gefaltet;",leichter Wurmfraß,"Wien und Prag, gedruckt und verlegt bei Johann Thomas Trattnern, kaiserl. königl. Hof-Buchdruckern und Buchhändlern",
KnF-1756-3,15,1756,"Reichstag,Rechtsfrage,Dokumentenanhang,Reichsverfassung","Des Heiligen Römischen Reichs Churfürsten, Fürsten und Stände zu gegenwärtiger allgemeinen Reichs-Versammlung bevollmächtigte Räthe, Bothschafter und Gesandte [...] Dictatum Regenspurg, den 23. Sept. 1756 per Moguntinum, 1756;",,"Papier, gedruckt, gefaltet;",,,
KnF-1756-4,19,1756,"Reskript,Preußen,Rechtsfrage,Kriegsschuldfrage,Präventivkrieg,Reichsverfassung,Sachsen,Staatsschrift","Rescript Sr. königl. Majestät in Preußen an dero wirklich Geheimbden-Staats- und Bevollmächtigten Ministre auf dem Reichs-Tage zu Regensburg, Freyherrn von Plotho, d. d. Berlin den 18. Octob. 1756. in Antwort auf dasjenige Circulare, welches die Kaiserin Königin an dero Ministres an auswärtigen Höfen unter dem 20sten September ergehen lassen. Nach dem Berliner Exemplar, 1756;","Plotho, Erich Christoph von, beteiligte Person; Friedrich <Preußen, König, II.>, Verfasser;","Papier, gedruckt, gefaltet;",,"Wien und Prag, zu finden in den Trattnerischen Buchhandlungen",
KnF-1756-5,0,1756,"Österreich,Dokumentenanhang,Sachsen,Kriegsschuldfrage,Rechtsfrage,Bündnissystem,Streitschrift","Nachricht und Beurtheilung des verhaltens des Wienerischen und Sächsischen Hofes und ihrer gefährlichen Absichten wider Seine Majestät den König von Preussen nebst den zur Rechtfertigung und Beweis dienenden Urkunden., 1756;","Hertzberg, Ewald Friedrich von, Verfasser;","Papier, gedruckt, geheftet, gebunden; Pappe, Einband, gestrichen, graugrün, mit Pinselmuster;",Ecken bestoßen,Berlin 1756,
KnF-1756-6,19,1756,"Replik,Rechtsfrage,Preußen,Reich,Österreich,Streitschrift,Sachsen,Geschichte als Argument","Beantwortung des, unter dem Titul: Ursachen welche Sr. Königl. Majestät in Preußen bewogen sich wider die Absichten des Wienerischen Hofes zu setzen, und deren Ausführung vorzukommen, kund gewordenen Kriegs-Manifests, 1756;",,"Papier, gedruckt, geheftet;",stark stockfleckig,"Wien und Prag, gedruckt und zu finden bey Johann Thomas Trattnern, kaiserl. königl. Hofbuchdruckern und Buchhändlern","Innenseite handschriftlich mit Bleistift: ""D[u]bl[ette] zu Nf 1298a"" und ""h 121,1494"""
KnF-1756-7,31,1756,"Preußen,Brief,Sachsen,Geschichte als Argument,Soldatentum","Sisteme Et Conduite De La Prusse, Ou Lettres D'un General Saxon A Un Gentilhomme Silesien Dans Les Armees Prussiennes. Pour servir de Résponse Aux Manifestes, Exposés, Memoires, Remonstrances, & autres Ecrits, Du Ministere Prussien., 1756;",,"Papier, gedruckt, geheftet;",Titelblatt: rechte obere Ecke ausgerissen,"A Varsovie, Chez Pierre Ignace Zanki, MDCCLVI",
KnF-1756-8,43,1756,"Brief,Sachsen,Friede,Preußen,Österreich,Frankreich,Bündnissystem,Rechtsfrage","Lettre D'un Voyageur Actuellement à Dantzig, À Un Ami De Stralsund Sur La Guerre Qui Vient De S'Allumer Dans L'Empire, 1756;",,"Papier, gedruckt, gefaltet;",Bögen teilweise unbeschnitten,MDCCLVI,
KnF-1756-9,23,1756,"Brief,Rechtsfrage,Preußen,Österreich,Sachsen,Bündnissystem","Lettre Du 6. Novembre 1756 Sur Le Memoire Raisonné Et Ses Pieces Justificatives., 1756;",,"Papier, gedruckt, gefaltet;","Ränder nicht beschnitten, Bögen nicht aufgeschnittenlose Lagen",,
KnF-1756-10,27,1756,"Brief,Reichsverfassung,Preußen,Österreich,Natur- und Völkerrecht,Rechtsfrage,Kriegsschuldfrage,Geschichte als Argument","Schreiben eines Freundes aus L** an einen Freund in Cölln am Rhein, über das Kayserliche Hof-Decret vom 14. Sept. 1756. und die darin befindlichen Avocatorien. / [Ludwig Martin Kahle], 1756;",,"Papier, gedruckt, geheftet;",stockfleckig,1756.0,
KnF-1756-11,31,1756,"Brief,Reichsverfassung,Preußen,Österreich,Natur- und Völkerrecht,Rechtsfrage,Kriegsschuldfrage,Geschichte als Argument","Schreiben eines Freundes aus L** an einen Freund in Cölln am Rhein, über Das Kayserliche Hof-Decret vom 14ten Septbr. 1756. und die darin befindlichen Avocatorien., 1756;",,"Papier, gedruckt, gebunden; Pappe, Umschlag;",,,"Einband innen: Aufkleber mit Signatur ""No 998 *"" und mit Bleistift ""vld. 1713 51 24/K.8 00/R""auf Titelblatt des Druckes mit Bleistift: ""H-Bch.[?] 75,-"" [= Preis?]"
KnF-1756-12,29,1756,"Geschichte als Argument,Brief,Sachsen,Preußen,Soldatentum","Sisteme Et Conduite De La Prusse, Ou Lettres D'un General Saxon A Un Gentil Homme Silesien Dans les Armées Prussiennes; Pour servir de Réponse Aux Manifestes, Exposés, Memoires, Remonstrances, & autres Ecrits, Du Ministere Prussien, 1756;",,"Papier, gedruckt, geheftet;",Heftung teilweise lose,"A Varsovie, Chés Pierre Ignace Zanki, MDCCLVI",
KnF-1756-13,7,1756,"Replik,Sachsen,Rechtsfrage,Staatsschrift,Pro Memoria","Chur-Sächsisches Gegen-Pro Memoria auf die Königl. Preußische Erklärung de dato 4. Octobris 1756. Den Einfall in die Chur-Sächsischen Lande betreffend. / [Johann Georg von Ponickau], 1756;",,"Papier, gedruckt, geheftet;",Heftung lose,"Identisch mit: ""Gegen Pro-Memoria welches der Chur-Sächsische Comitial-Gesandte Johann George von Ponickau, auf dem allgemeinen Reichs-Tag den 8. Octobris 1756. durch öffentlichen Druck kund machen lassen. Nachdruck des Regenspurger Exemplars. Wien und Prag, zu finden in denen Trattnerischen Buchhandlungen.""  [Der unvollständige Druck aus der Sammlung Knoll (Umfang 8 Seiten) beinhaltet nur den Text bis Seite 6 im Digitalisat des Druckes der Uni Heidelberg (Umfang 9 Seiten)LINK: http://digi.ub.uni-heidelberg.de/diglit/ponickau1756a]",
KnF-1756-14,19,1756,"Predigt,Preußen","Predigt, über das ordentliche Evangelium am drey und zwanzigsten Sonntage nach Trinitatis, welche in höchster Gegenwart Sr. Königlichen Majestät in Preussen, in der Kreuz-Kirche zu Dreßden am 21sten Novembr. 1756. gehalten, und, auf höchstgedachter Seiner Königlichen Majestät ausdrückliches allergnädigstes Verlangen, dem Druck übergeben worden / von D. Johann Joachim Gottlob am Ende, Pfarrern und Superint. auch des Ober-Consistorii Assessorn daselbst., 1756;","Friedrich <Preußen, König, II.>, ?;","Papier, gedruckt, geheftet;",Stockflecken,"Dreßden, 1756",
KnF-1756-15,7,1756,"Preußen,Sachsen,Rechtsfrage,Kriegsschuldfrage,Polen","Betrachtungen über das von der Republik Pohlen bey gegenwärtigen Zeitläuften zu haltende Betragen. , [1756];","Hertzberg, Ewald Friedrich von, Verfasser; Maria Theresia <Österreich, Erzherzogin, 1717-1780>, beteiligte Person; August <Polen, König, III.>, beteiligte Person; Friedrich <Preußen, König, II.>, beteiligte Person;","Papier, gedruckt, geheftet;",,,
KnF-1756-16,35,1756,"Replik,Rechtsfrage,Preußen,Österreich,Streitschrift,Kriegsschuldfrage,Reich,Sachsen,Geschichte als Argument","Die Beantwortung Des, unter dem Titul: Ursachen, welche Seine Königliche Majestät in Preussen bewogen, Sich wider die Absichten des Wienerischen Hofes zu setzen, und deren Ausführung vorzukommen, kund gewordenen Kriegs-Manifests., 1756;","Friedrich <Preußen, König, II.>, beteiligte Person;","Papier, gedruckt, geheftet;",,"Wien und Prag, gedrukt und zu finden bey Johann Thomas Trattnern, Kayserl. Königl. Hof-Buchdruckern und Buchhändlern",
KnF-1756-17,7,1756,"Streitschrift,Replik,Rechtsfrage,Kriegsschuldfrage,Preußen,Österreich,Geschichte als Argument,Sachsen,Reich","Beantwortung des, unter dem Titul: Ursachen, welche Se. Königl. Majestät in Preussen bewogen, sich wider die Absichten des Wienerischen Hofes zu setzen, und deren Ausführung vorzukommen, kund gewordenen Kriegs-Manifests. , 1756;","Friedrich <Preußen, König, II.>, beteiligte Person;","Papier, gedruckt, geheftet;",Heftung teilweise lose,"Wien und Prag, 1756",
KnF-1756-18,4,1756,Staatsschrift,"Vollständige Sammlung aller derjenigen Staats-Schriften welche aus Gelegenheit des in Teutschland ausgebrochenen Krieges von denen hierbey intereßirten Hohen Machten publicirt worden : In vier Classen abgetheilt., 1756;",,"Papier, gedruckt, gefaltet;","fleckig, Fäden einer Bindung noch vorhanden",Frankfurt und Leipzig,
KnF-1756-19,81,1756,"Preußen,Sachsen,Rechtsfrage,Kriegsschuldfrage,Dokumentenanhang,Präventivkrieg","Mémoire Raisonné Sur La Conduite Des Cours De Vienne Et De Saxe, Sur Leurs Desseins Dangereux Contre Sa Majesté Le Roi De Prusse, Avec Les Piéces Originales Et Justificatives Qui En Fournissent Les Preuves., 1756;","Hertzberg, Ewald Friedrich von, Verfasser; Friedrich <Preußen, König, II.>, beteiligte Person;","Papier, gedruckt, gebunden; Pappe, Einband;","Seiten nur teilweise beschnitten, Ränder zum Teil eingerissen",A Berlin 1756,
KnF-1756-20,87,1756,"Präventivkrieg,Preußen,Sachsen,Rechtsfrage,Kriegsschuldfrage,Dokumentenanhang","Memoire Raisonné Sur La Conduite Des Cours De Vienne Et De Saxe, Et Sur Leurs Desseins Dangereux Contre Sa Majesté Le Roi De Prusse, Avec Les Pieces Originales Et Justificatives Qui En Fournissent Les Preuves, 1756;","Hertzberg, Ewald Friedrich von, Verfasser; Friedrich <Preußen, König, II.>, beteiligte Person;","Papier, gedruckt, geheftet; Papier, Umschlag;","Seiten nicht beschnitten, Heftung löst sich",,"letzte Seite, handschriftlich mit Bleistift: ""968 HU / PENT"""
KnF-1756-21,7,1756,"Reskript,Dokumentenanhang,Rechtsfrage,Preußen,Staatsschrift","Das von Sr. Königl. Majestät in Preussen an Dero Ministros erlassenes allergnädigstes Circular-Rescript d. d. Berlin den 18. Septembris 1756. Nebst angefügtem Kriegs-Manifest, 1756;","Friedrich <Preußen, König, II.>, beteiligte Person;","Papier, gedruckt, geheftet;","Heftung aufgelöst, die beiden Bögen sind nicht mehr verbunden",,
KnF-1756-22,7,1756,"Rechtsfrage,Replik,Österreich,Dokumentenanhang,Streitschrift","Kurtze Abfertigung der sogenannten Beantwortung des Wienerschen Hofes auf das Königlich Preußische Manifest., 1756;",,"Papier, gedruckt, geheftet;",Heftung aufglöst,"Berlin, gedruckt und zu finden bey Christian Friedrich Henning, Königl. privilegirten Hof-Buchdrucker. 1756.",
KnF-1756-23,19,1756,"Brief,Dokumentenanhang,Rechtsfrage,Preußen,Österreich,Sachsen,Bündnissystem,Geschichte als Argument,Streitschrift","Sendschreiben unterm 6ten November 1756. Das Memoire Raisonne und die zu desssen Beweiß dienende Urkunden betreffend., 1756;",,"Papier, gedruckt, geheftet;","Heftung gelöst, dadurch einzelne Bögen","Straßburg, 1756.",
KnF-1756-24,79,1756,"Streitschrift,Österreich,Konfession,Geschichte als Argument","Unbilliges Verfahren des Erz-Hauses Oesterreich gegen die Evangelische. / [Ludwig Martin Kahle], [1756];",,"Papier, gedruckt, geheftet;",Heftung teilweise gelöst,,
KnF-1756-25,11,1756,"Sachsen,Polen,Rechtsfrage,Geschichte als Argument","Uebersetzung eines Pohlnischen Schreibens über die Schrift: Betrachtungen über das von der Republic Pohlen bey gegenwärtigen Zeitläuften zu haltende Betragen, [1756];",,"Papier, gedruckt, geheftet;",Heftung teilweise gelöst,,
KnF-1756-26,27,1756,"Predigt,Preußen,Panegyrik,Ruhm","Die Dancksagung Davids für den durch seine Siege erlangten Frieden, Wurde aus dem XVIII. Psalm vom 44. bis 51. Vers an dem, auf Sr. Königl. Maj. in Preußen allergnädigsten Befehl, angestelleten Danck- und Friedens-Feste in der Stifts-Kirche zum H. Grabe den 23. Jan. am III. Sonntage nach Epiph. MDCCXLVI.[!] in einer Danck-Predigt erwogen, und auf Verlangen des Hochwürdigen Convents zum Druck gegeben von Joachim Lehfeld, Prediger im Stift zum Heiligen Grabe., [1756];",,"Papier, gedruckt, geheftet;",,"Berlin, gedruckt bey Christian Friedrich Henning, privil. Buchdrucker","auf Einband: Aufkleber mit Signatur ""Dh 746""Einband innen mit Tinte: ""7138""Rückseite des Titelblattes mit Tinte: ""7138"" und Stempel ""Grosherzogliche Bibliothek Neustrelitz"" mit Krone, rund"
KnF-1756-27,15,1756,"Replik,Rechtsfrage,Österreich,Dokumentenanhang,Streitschrift","Kurtze Abfertigung der sogenannten Beantwortung des Wienerschen Hofes auf das Königlich Preußische Manifest., 1756;",,"Papier, gedruckt, geheftet;",,"Berlin, 1756.",
KnF-1756-28,3,1756,"Zeitung,Kriegsverlauf,Soldatentum","Gazette De Cologne : Avec Privilege De Sa Majeste Imperiale. LXXXIX, Du Vendredy, 5. Novembre 1756., 1756;",,"Papier, gedruckt;",Seiten unbeschnitten,,
KnF-1756-29,15,1756,"Predigt,Preußen,Schlacht","Dank-Rede, Welche bey Gelegenheit des am ersten Octobr. 1756 von Sr. Königl. Majestät in Preußen Friedrich II. über die doppelt stärkere Oesterreichische Macht bey Arwosiz in Böhmen höchstrühmlich erfochtenen Sieges und des im Lager bey Groß-Sedlitz Tages darauf gehaltenen Freuden-Schießens gehalten worden von M. Johann Christian Decker, Feld-Probst der Königl. Preußischen Armeee, und Feld-Prediger der Königl. Garde;",,"Papier, gedruckt, geheftet;",,"Dresden, bey Joh. Wilhelm Harpetern.",
KnF-1756-30,31,1756,"Predigt,Preußen","Predigt, über das ordentliche Evangelium am drey und zwanzigsten Sonntage nach Trinitatis, welche, in höchster Gegenwart Sr. Königl. Majestät in Preußen, in der Kreuzkirche zu Dreßden, am 21sten Novembr. 1756. gehalten, und, auf höchstgedachter Sr. Königlichen Majestät ausdrückliches allergnädigstes Verlangen, dem Druck übergeben worden von D. Johann Joachim Gottlob am Ende, Pfarrern und Superint. auch des Ober-Consistorii Assessorn daselbst., [1756];",,"Papier, gedruckt, geheftet;",,,
KnF-1756-31,19,1756,"Brief,Rechtsfrage,Geschichte als Argument","Zwey Schreiben eines Vaters an seinen Sohn, von der Heiligkeit der Archive, 1756;",,"Papier, gedruckt, geheftet;",Heftung teilweise gelöst,,
KnF-1756-32,43,1756,"Staatsschrift,Konfession,Rechtsfrage,Kriegsschuldfrage,Preußen","Anmerkungen über die von Anbeginn des gegenwärtigen Kriegs bis anhero zum öffentlichen Druck gediehene Königl. Preußische Kriegs-Manifesten Circularien und Memoires., [1756];",,"Papier, gedruckt, geheftet;",Heftung teilweise gelöst,Wien und Prag,
KnF-1756-33,3,1756,"Reichstag,Reichsverfassung,Österreich,Brief,Staatsschrift","Ihro Majestät, der Kayserinn-Königinn, Schreiben an die Reichstags-Gesandte, de dato 10. Octob. 1756, [1756];","Maria Theresia <Österreich, Erzherzogin, 1717-1780>, beteiligte Person;","Papier, gedruckt;",,,
KnF-1756-34,7,1756,"Reich,Reichsverfassung,Österreich,Preußen,Rechtsfrage,Staatsschrift","Kais. Allergnäd. ferneres Hof-Decret an Eine Hochlöbl. allgemeine Reichs-Versammlung zu Regenspurg, de dato 10 Octobris 1756. den gewaltsamen Chur-Brandenburgischen Einfall in die Chur-Sächsischen Lande, auch weitern Anzug in die Reichs-Lande, betreffend, [1756];",,"Papier, gedruckt, geheftet;","2 lose Bögen, die ursprünglich vermutlich verbunden waren",,
KnF-1756-35,27,1756,"Staatsschrift,Reich,Reichsverfassung,Rechtsfrage,Preußen,Österreich,Dokumentenanhang","Kayserlich-allergnädigstes ferneres Hof-Decret, An Eine Hochlöblich-allgemeine Reichs-Versammlung zu Regenspurg, de dato 10. Octobris 1756. Den gewaltsamen Chur-Brandenburgischen Einfall in die Chur-Sächsische Lande auch weitern Anzug in die Reichs-Lande betreffend. Mit Beylagen Nro. 1. 2., 1756;",,"Papier, gedruckt, geheftet;","Heftung teilweise gelöst, fleckig","Regenspurg, 1756",
KnF-1756-36,14,1756,"Sachsen,Schlacht,Kriegsverlauf,Kriegsalltag","Kurze Nachricht von dem Abmarsch der Sächsischen Armee aus ihrem Lager bey Pirna., 1756;",,"Papier, gedruckt, geheftet;",Flecken (Fett?),"Frankfurth, 1756.",
KnF-1756-37,46,1756,"Preußen,Reichstag,Reichsverfassung,Rechtsfrage,Geschichte als Argument,Österreich,Staatsschrift","Copia Memorialis Des Königl. Preußisch- und Chur-Brandenburgischen Comitial-Gesandten,welches dem Reichs-Convent zu Regensburg den Decembr. 1756 übergeben ist. Das Reichs-Constitutions-widrige Betragen des Kayserlichen Reichs-Hofraths gegen Seine Königliche Majestät in Preussen, die Allerhöchst Denenselben abgedrungene Maaßregeln in Ansehung des Wiener und Dreßdener Hofes betreffend., 1756;",,"Papier, gedruckt, geheftet;",1 loser Bogen,"Regenspurg, 1756.",
KnF-1756-38,43,1756,"Brief,Preußen,Sachsen,Soldatentum,Geschichte als Argument","Sisteme Et Conduite De La Prusse: Ou Lettres D'Un General Saxon À Un Gentilhomme Silesien Dans les Armées Prussiennes; Pour servir de Réponse Aux Manifestes, Exposés, Memoires, Remonstrances, & autres Ecrits, Du Ministere Prussien., 1756;",,"Papier, gedruckt, geheftet;","Seiten weisen teilweise an identischer Stelle Löcher auf [alte Heftung, Wurm ?]","A Varsovie, Chés Pierre Ignace Zanki. M. DCC. LVI.",
KnF-1756-39,78,1756,"Dokumentenanhang,Preußen,Sachsen,Rechtsfrage,Kriegsschuldfrage,Präventivkrieg","Memoire Raisonné Sur La Conduite Des Cours De Vienne Et De Saxe. Sur Leurs Desseins Dangereux Contre Sa Majeste Le Roi De Prusse. Avec Les Pieces Originales Et Justificatives Qui En Fournissent Les Preuves. , 1756;",,"Papier, gedruckt, geheftet; Papier, Umschlag, farbig;",Umschlag beschädigt,"A Amsterdam, Chez François Changuion. MDCCLVI.","auf Umschlag Aufkleber mit Signatur: C. 554Innenseite der Rückseite des Umschlages, handschriftlich mit Bleistift: ""21 2a/757"""
KnF-1756-40,7,1756,"Preußen,Rechtsfrage,Kriegsschuldfrage,Sachsen,Präventivkrieg","Memoire zur Rechtfertigung des Verfahrens des Königs in Preußen gegen die falschen Beschuldigungen des Sächsischen Hofes. Aus dem Französischen Berliner Exemplar ins Deutsche übersetzt, [1756];",,"Papier, gedruckt;",Blätter unbeschnitten,"Wien und Prag, zu finden in den Trattnerischen Buchhandlungen",
KnF-1756-41,75,1756,"Präventivkrieg,Preußen,Sachsen,Rechtsfrage,Kriegsschuldfrage,Dokumentenanhang","Memoire Raisonné Svr La Condvite Des Cours De Vienné Et De Saxe, Et Sur Leurs Desseins Dangereux Contre Sa Majesté Le Roi De Prusse, Avec Les Pieces Originales Et Justificatives Qui En Fournissent Les Preuves., 1756;","Friedrich <Preußen, König, II.>, beteiligte Person;","Papier, gedruckt;","Heftung löst sich teilweise, kleinere Stockflecken",,
KnF-1756-42,55,1756,"Dokumentenanhang,Präventivkrieg,Preußen,Sachsen,Rechtsfrage,Kriegsschuldfrage","Gründliche Memoire über die Aufführung des Wienerischen und Sächsischen Hofes und deren gefährliche Absichten wider Seine Königl. Majestät von Preußen mit beygefügten Originalurkunden. Aus dem französischen Exemplar ins deutsche übersetzt., 1756;",,"Papier, gedruckt, geheftet;","Heftung löst sich teilweise, fleckig","Wien und Prag, zu finden in den Trattnerischen Buchhandlungen. 1756.",
KnF-1756-43,11,1756,"Preußen,Sachsen,Rechtsfrage","Rechtfertigung Des Betragens Sr. Königlichen Majestät in Preussen gegen die Höchst-Deroselben von dem Chur-Sächsischen Hofe gemachte falsche Beschuldigungen., 1756;","Friedrich <Preußen, König, II.>, beteiligte Person; Brühl, Heinrich von;","Papier, gedruckt, geheftet;",fleckig,Anno 1756,
KnF-1757-1,13,1757,"Gedicht,Kriegsalltag,Soldatentum,Kriegsbild,Preußen,Konfession,Reich","Relation vom Kriek in kute Deutscheland die swar schon albe Welt iß fort bien bekannt Doch ats da Teuf iß kahr mit helle Lüge los nach Wahreit proponir ein arme Deutschfransos., 1757;","Friedrich <Preußen, König, II.>;","Papier, gedruckt, geheftet;",,"Dresden, 1757.",
KnF-1757-5_1,8,1757,"Österreich,Preußen,Schlacht,Kriegsverlauf,Gedicht","Gespräche In dem Reich der Todten Zwischen dem Kayserlichen Königlichen Feld-Marschallen Grafen von Broun, Und ebenfals Königlichen Preußischen Feld-Marschallen Sverin, Nebst einer andern auf jetzige Zeit-Läuffe gerichteten Piece, der Dichter ohne Gedicht, oder der unpartheyische Poët genannt, in Teutschen Reimen verfasset., [1757];","Schwerin, Kurd Christoph von, beteiligte Person; Browne, Maximilian Ulysses von, beteiligte Person; Daun, Leopold von; Friedrich <Preußen, König, II.>;","Papier, gedruckt, geheftet; Pappe, Einband;",,"Prag, gedruckt und zu finden bey Ignatz Pruscha, wohnhafft in der Schwefel-Gassen beym Rothen Hertz.","Einband, Innenseite handschriftlich mit Bleistift: ""LGM[?] Mg"", ""257/208"" u. ""582800""Titelblatt, handschriftlich mit Bleistift: ""f9K[?]""Innenseite der Rückseite des Einbandes: ""75.-"""
KnF-1757-5_2,8,1757,"Panegyrik,Gedicht,Preußen,Österreich,Kriegsalltag","Der Dichter ohne Gedicht, Oder: Der unpartheyische Poet.;","Schwerin, Kurd Christoph von; Browne, Maximilian Ulysses von;","Papier, gedruckt;",,,
KnF-1757-2,15,1757,"Preußen,Ruhm,Kriegsverlauf,Russland","Noticia Da Grande Conquista Do Reyno Da Prussia, E Da Celebre Entrada Que nelle fez o General Fermér Con o Exercito Russiano, e outras noticias particulares., [1757?];","Friedrich <Preußen, König, II.>;","Papier, gedruckt, geheftet; Pappe, Einband;",fleckig,Lisboa: Com todas as licenças necessarias.,
KnF-1757-3,15,1757,"Österreich,Kriegsverlauf,Rechtsfrage","Noticia Da Entrada Que As Tropas Austriacas Fizeram Na Silezia, E Se A Junta Hum Edicto Da Serenissima Imperatriz Rainha de Ungria, aos habitantes da mesma Silezia, traduzido em Portuguez., 1757;","Maria Theresia <Österreich, Erzherzogin, 1717-1780>, beteiligte Person; Daun, Leopold von;","Papier, gedruckt, geheftet; Pappe, Einband;",,Lisboa: Anno de MDCCLVII. Com todas as licenças necessarias.,
KnF-1757-4,15,1757,"Predigt,Schlacht,Preußen,Österreich","Dank-Predigt wegen des von Sr. Königl. Majestät in Preußen am 5ten December 1757. bei Borna in Schlesien über die ganze Oesterreichische Armee erfochtenen sehr herrlichen Sieges am 2ten heiligen Weihnachts-Feyertage als an dem dieserhalb allergnädigst verordneten Dank- und Freuden-Feste in der Stadt-Kirche zu Neustadt-Eberswalde gehalten von Carl Ludwig Philipp Schadow Evangel. Lutherschen 3ten Prediger daselbst., [1757];",,"Papier, gedruckt, geheftet;",Seitenränder dunkel verfärbt,"Berlin, gedruckt in der Grynäus- und Deckerischen Buchdruckerey.",
KnF-1757-6,15,1757,"Österreich,Preußen,Schlacht,Kriegsverlauf","Noticia Das Vitorias, Que Os Austriacos tem alcançado contra os Prussianos, Aonde se referem todas as acçoens que se tem obrado na Alemanha, desde o levantamento do sitio da Praça de Olmutz até o prezente., [1757];",,"Papier, gedruckt, geheftet; Pappe, Einband;",,Lisboa: Com todas as licenças neceffarias.,
KnF-1757-7,23,1757,"Predigt,Schlacht,Preußen,Panegyrik","Siegs- und Danck-Predigt, wormit über den am 5. December 1757. von Seiner Königlichen Majestät in Preussen zwey Meilen von Breßlau erfochtenen ausserordentlich grossen Sieg, und darauf am 21. December erfolgten glorreichen Einzug in dieser Dero Königlichen Haupt- und Residenz-Stadt, den 22. December dieses Jahres, in allerhöchster persönlicher Gegenwart Seiner Königlichen Majestät bey dem darüber allergnädigst angeordneten Danckfeste, die Evangelische Gemeine in Breßlau in der Hauptkirche zu S. Elisabeth aus Psalm 21. v. 2. 3. 4. zum inbrünstigen Preise des HErrn der Heerscharen in tieffster Ehrfurcht erwecket worden von Johann Friedrich Burg, Königl. Ober-Consistorialrath, der Evang. Kirchen und Schulen Inspector., [1757];",,"Papier, gedruckt, geheftet;","druchgängig Wasserschaden am unteren Rand, Seiten teilweise geknickt","Breslau, Zu finden in Johann Jacob Korns Buchhandlung.",
KnF-1757-8,7,1757,"Gedicht,Schlacht,Preußen,Österreich","Ode auf die Niederlage der Preußen in Böhmen am 18. des Brachmonats 1757. bey Gelegenheit des zu Insbruck gehaltenen Freuden- und Dankfestes verfertiget von Cassian Anton Roschmann, J. U. Stud. auf der dortigen hohen Schule., [1757];","Roschmann, Cassian Anton von, Verfasser; Daun, Joseph von; Laudon, Gideon Ernst von; Maria Theresia <Österreich, Erzherzogin, 1717-1780>; Franz <Römisch-Deutsches Reich, Kaiser, I.>;","Papier, gedruckt, geheftet;",teilweise Stockflecken,"Wien, Prag und Triest, zu finden in den Trattnerischen Buchhandlungen.",
KnF-1757-9,23,1757,"Predigt,Schlacht,Panegyrik","Dank-Rede welche für den am 6ten May 1757 unter höchst eigener Anführung Sr. Königl. Majest. in Preussen Friedrich des Zweiten, über die sehr zahlreiche und auf das vorteilhafteste fast unter den Canonen von Prag gestandene Oesterreichische Armee höchst rühmlich erfochtenen Sieg am 8ten May 1757. im Lager von Prag gehalten worden von M. Johann Christoph Decker Königl. Preuß. Feld-Probst, Assessor des Krieges=Consistorii, Feldprediger der Königl. Garde, auch Hof- und Garnison-Prediger zu Potsdam und erster Inspektor des grossen Königl. Waisenhauses daselbst., [1757];","Friedrich <Preußen, König, II.>; Schwerin, Kurd Christoph von;","Papier, gedruckt, geheftet;","durchgehender Fleck [Wasserschaden?], Seitenenden teilweise geknickt","Berlin, bey Christian Friedrich Voß",
KnF-1757-10,7,1757,"Reskript,Neutralität,Handel,Kriegsbild","Copia Kaiserlichen Rescripti An den Magistrat zu Nürnberg, d. d. 25. Junii, 1757. Die Unterhandlung wegen der Neutralität mit dem Königlich-Preußischen Herrn Obrist von Mayer, Und Anbietung einer Summa von 80000. Gulden betreffend., [1757];","Franz <Römisch-Deutsches Reich, Kaiser, I.>;","Papier, gedruckt, gefaltet;","gefalteter Bogen, nur teilweise aufgeschnittenWasserflecken",,
KnF-1757-11,11,1757,"Kriegsschuldfrage,Rechtsfrage,Preußen,Sachsen,Geschichte als Argument,Streitschrift,Replik","Beantwortung des, unter dem Titul: Ursachen welche Sr. Königl. Majestät in Preußen bewogen sich wider die Absichten des Wienerischen Hofes zu setzen, und deren Ausführung vorzukommen, kund gewordenen Kriegs-Manifests., [1757];",,"Papier, gedruckt, geheftet;",fleckig,"Wien und Prag, zu finden in den Trattnerischen Buchhandlungen.",
KnF-1757-12,39,1757,"Predigt,Schlacht,Preußen","Das erhabenste Sieges-Lied, auf einer Walstadt, wo Feinde selbst in ihrer Niederlage was Göttliches erkennen müßen: welches nach dem 6. May 1757. von Seiner Königlichen Majestät in Preußen unter eigener Allerhöchster Anführung, in einem blutigen Haupt-Treffen bey Prag, glorreichest erfochtenen vollständigem Siege, folgenden 15. May, am Bet-Sontage, aus Mosis 15. v. 6. 7. bey dem darüber gefeyerten Danck-Feste, in der Hauptkirche zu S. Elisabeth in Breßlau, der vornehmen und volvkreichen Gemeine in den Mund und ans Hertz zu legen gesuchet Johann Friedrich Burg, Königlicher OberConsistorialRath, der Evangelischen Kirchen und Schulen Inspector., 1757;",,"Papier, gedruckt, geheftet;",Titelblatt und folgenden 3 Blatt teilweise beschädigt,"Breßlau, bey Carl Gottfried Meyer. 1757.",
KnF-1757-13,23,1757,"Preußen,Predigt,Schlacht,Kriegsbild","Das schuldige Dank-Opfer Christlichgesinneter Unterthanen für die allmächtig herrliche Hülfe, so der HErr Zebaoth ihrem siegenden Könige wider seine Feinde in Gnaden verliehen wurde wegen des von Sr. Königl. Majestät am 5ten December 1757. bey Leuthen in Schlesien über die Oesterreichische Armee durch des Allerhöchsten Beistand erfochtenen herrlich grossen und vollkommenen Sieges, aus Psalm 46, v. 8-12. am 3ten Weihnachts-Feyertage, als an dem dazu bestimmten Dank- und Sieges-Feste der Gemeine des HErrn zu Wustrau im Ruppinischen mit innigster Freude des Hertzens öffentlich vorgestellet, und zur Ehre unseres Allmächtiggnädigen Erretters dem Druck übergeben von Johann Gottlieb Rusche, Seelsorger daselbst., 1758;","Rusche, Johann Gottlieb, Verfasser; Friedrich <Preußen, König, II.>;","Papier, gedruckt, geheftet;","Teil der Seiten eingeschnittenS. 19 so beschnitten, dass letzte Zeile nur teilweise lesbar ist.","Berlin, Verlegts Gottlieb August Lange 1758.",
KnF-1757-14,7,1757,"Gedicht,Schlacht,Preußen,Panegyrik","Ode auf den am 6ten May dieses 1757sten Jahres von Sr. Königl. Majestät in Preussen erfochtenen grossen Sieg, und darauf erfolgten gänzlichen Niederlage der Oestreichischen Armee bey Prag, jenseits der Moldau, von I. H. S. R., 1757;",,"Papier, gedruckt;",Stockflecken,"Berlin, gedruckt Anno 1757.",
KnF-1757-15,17,1757,"Patriotismus,Staatsschrift,Rechtsfrage,Kriegsschuldfrage","Patriotisches Wetterglas., 1757;",,"Papier, gedruckt, geheftet;",,1757.,"auf der letzten Seite, handschriftlich mit Bleistift: ""[...]30[?] in ZVAB"""
KnF-1757-16,12,1757,"Rechtsfrage,Niederlande,Österreich,Preußen","t'Zamenspraak, Tusschen Zyn Pausselyke Heiligheid, En Haare Majesteit , de Koninginne Van Hongaryen , En dan ook Zyne Majesteit , de Koning Van Pruyssen. Als meede Een Briev Uyt Roomen. Beyde uyt het Hoogduytsch vertaald., 1757;","Maria Theresia <Österreich, Erzherzogin, 1717-1780>; Friedrich <Preußen, König, II.>;","Papier, gedruckt, geheftet;",alle Seiten eingerissenUmschlag der Heftung fehlt,handschriftlich mit Tinte: 1757 Amsterdam,
KnF-1757-17,35,1757,"Deutschland,Reich,Reichsverfassung,Brief,Großbritannien,Frankreich,Preußen,Österreich,Russland,Vertrag,Bündnissystem,Rechtsfrage,Geschichte als Argument","Uebersetzung eines Schreibens aus Paris, den gegenwärtigen Zustand in Teutschland betreffend, mit Anmerckungen eines Teutschen., 1757;",,"Papier, gedruckt;","Bögen sind unbeschnitten, Ränder zum Teil leicht eingerissen und geknickt",Cölln 1757.,
KnF-1757-18,15,1757,"Geschichte als Argument,Preußen,Rechtsfrage,Österreich,Streitschrift","Kurzer doch Gründlicher Beweis, daß das Königreich Böhmen Sr. Königl. Majest. in Preussen zustehe., [1757];",,"Papier, gedruckt, geheftet;",fleckig,,
KnF-1757-19,31,1757,"Preußen,Streitschrift,Bündnissystem,Rechtsfrage,Geschichte als Argument","Schreiben von dem gegenwärtigen Kriege, welches der Türkische Mufti an den Groskanzler der Pforte, Said, abgelassen hat., 1757;",,"Papier, gedruckt, geheftet; Pappe, Einband;",,1757.,"Innenseite Einband handschriftlich mit Bleistift: ""282/5 [...][?]"", ""N 12 19"" u. ""2140/3""Exlibris-Stempel: ""G. A. Knoll"""
KnF-1757-20,39,1757,"Sachsen,Gedicht,Kriegsbild,Satire","Parodie über das bedrängte Sachsen., 1757;",,"Papier, gedruckt, geheftet; Pappe, Einband;",,1757.,"Innenseite Einband, handschriftlich mit Bleistift: ""949"", ""1409"" u. ""96|6|210""2. Blatt, handschriftlich mit Bleistift: ""G & M € 100 -"""
KnF-1757-21,11,1757,"Predigt,Preußen,Schlacht,Panegyrik","Dankpredigt Ueber den großen und herrlichen Sieg, Welchen Se. Majestät unser allerweiseste  König Den 5. Decembr. 1757. Ueber die gesammte und weite überlegene Macht der Oesterreichischen Kriegesvölker bey Leuthen in Schlesien erfochten. Gehalten am Sabbath, den 10ten desselben Monaths in der Synagoge der hiesigen Judengemeine von David Hirschel Fränckel Ober-Land-Rabiner., 1757;","Friedrich <Preußen, König, II.>, beteiligte Person; Fränkel, David Hirschel, Verfasser;","Papier, gedruckt, geheftet; Papier, Einband;",,"Berlin, 1757.",
KnF-1757-22,35,1757,"Sachsen,Brief,Deutschland,Reich,Konfession,Rechtsfrage,Kriegsschuldfrage","Großväterliche Erinnerungen über das Schreiben eines Vaters an seinen Sohn den gegenwärtigen Zustand in Sachsen betreffend., 1757;",,"Papier, gedruckt, geheftet; Papier, Einband;","Wasserschaden, Heftung löst sich teilweise",1757.,
KnF-1757-23,11,1757,"Gedicht,Schlacht,Preußen,Panegyrik","Ode auf den am 6ten Mai dieses 1757sten Jahres von Sr. Königl. Maj. in Preußen erfochtenen großen Sieg und darauf erfolgten gänzlichen Niederlage der Oesterreichischen Armee bey Praag jenseits der Moldau von J. H. S. R., [1757];",,"Papier, gedruckt, geheftet; Papier, Einband;",,"Berlin, gedruckt und zu finden in der Grynäus und Dekkerischen Buchdrukkerey","auf Titelblatt handschriftlich mit Bleistift: ""34378 Be/67"
KnF-1757-24,19,1757,"Gedicht,Ruhm,Panegyrik,Deutschland,Kriegsbild","Der Krieg. Ode, 1757;","Cronegk, Johann Friedrich von; Friedrich <Preußen, König, II.>; Schwerin, Kurd Christoph von;","Papier, gedruckt, geheftet; Papier, Einband;",Blätter nur teilweise und ungleichmäßig beschnitten,1757.,
KnF-1757-25,17,1757,"Deutschland,Neutralität,Friede,Antike","Die Neutralität., 1757;",,"Papier, gedruckt, geheftet; Papier, Einband;",stockfleckig,MDCCLVII.,"auf Titelblatt handschriftlich mit Bleistift: ""13"""
KnF-1757-26,15,1757,"Schlacht,Preußen,Österreich","Noticia Da Tomada De Strigau Na Silesia Pelas Tropas Prussians., 1757;",,"Papier, gedruckt, geheftet; Pappe, Einband;",,Lisboa: Anno de M.DCC.LVII. Com as Licenças necessarias.,
KnF-1757-27,27,1757,"Brief,Preußen,Sachsen,Rechtsfrage","Briefe einer Privat-Person an einen seiner Freunde, über den Einfall in Sachsen, so durch den König von Preußen unternommen worden., 1757;","Friedrich <Preußen, König, II.>, beteiligte Person;","Papier, gedruckt, gefaltet;","Bögen nur teilweise aufgeschnitten, Seitennicht beschnitten",1757.0,
KnF-1757-28,23,1757,"Gedicht,Bündnissystem,Sachsen,Rechtsfrage,Kriegsverlauf","Poetischer Traum bey Gelegenheit des gegenwärtigen innerlichen Krieges der Teutschen., 1757;",,"Papier, gedruckt, geheftet;","Heftung ist teilweise gelöst, dadurch 3 Teile",Anno 1757.,
KnF-1757-29,26,1757,"Preußen,Sachsen,Rechtsfrage,Geschichte als Argument","Untersuchung derjenigen Gründe, welche Ihro Königl. Majetät in Preußen, zu Folge einer von Denenselben ertheilten Declaration, bewogen haben, Dero Kriegs-Völker in die Chur-Sächsischen Lande am 29. Aug. a. el. einrücken zu lassen., 1757;","Friedrich <Preußen, König, II.>, beteiligte Person;","Papier, gedruckt, geheftet; Papier, Einband;",Einband zum größten Teil gerissenTextseiten unten geknickt,"1757.Könnte Bezug auf die ""Declaration derjenigen Gründe, Welche Sr. Königl. Majestät in Preußen bewogen, mit Dero Armée in Sr. Königl. Majest. von Pohlen und Churfürstl. Durchl. Erb-Lande einzurücken"" nehmen. Zu dieser Schirft siehe: Staatsschriften, Bd. 3, S. 120.","auf Einband handschriftlich mit Bleistift: oben ""Fv[...] tr. 3020[?]"", unten ""Sax 60""Innenseite handschriftlich mit Bleistift: ""Sax.""Titelblatt Bibliotheksstempel ""BIBLIOTHEK DER GEHE-STIFTUNG IN DRESDEN"", ""ungültig"" gestempeltauf Titelblatt handschriftlich mit Bleistift: ""482/93"" u. ""Sax"""
KnF-1757-30,3,1757,Staatsschrift,"Verzeichniß von Actis Pvblicis, und andern in den itzigen Krieg einschlagenden Schriften, welche alle in Quarto gedruckt sind., [1757];",,"Papier, gedruckt, gefaltet;",Seitenrand teilweise eingerissen,"Merseburg, in Commission bey Heinrich Heybruch",
KnF-1757-31,11,1757,"Schlacht,Kriegsverlauf,Preußen,Österreich","Relation De La Bataille De Cotchemitz Gagnée Par L'Armee Imperiale commandée par M. le Maréchal de Daun sur celle du Roi de Prusse, commandée par lui-même. Cette Relation a été redigée par M. le comte de Marainville, Capitaine de Carabiniers, que le Roi avoit envoye servir à l'Armee de M. le Maréchal de Daun, lequel a charge cet Officier de porter à S. M. L'Imperatrice les details de cette Bataille, accompagnes d'un plan qu'il en avoit fait pour en donner une idée plus exacte. Cette Princesse l'a fait partir sur le champ pour porter au Roi ces mêmes détails, 1757;","Daun, Leopold von, beteiligte Person; Maria Theresia <Österreich, Erzherzogin, 1717-1780>, beteiligte Person; Franz <Römisch-Deutsches Reich, Kaiser, I.>, beteiligte Person;","Papier, gedruckt, geheftet; Pappe, Einband, blaugrau;",in allen Seiten kurzer Riß ?,"De l'Imprimerie de Ballard, seul Imprimeur du Roi, pour la Musique, & Noteur de la Chapelle de Sa Majesté, rue Saint-Jean-de-Beauvais, à Sainte Cécile.",
KnF-1757-32,30,1757,"Brief,Sachsen,Preußen,Rechtsfrage,Kriegsschuldfrage","Lettres D'Un Particulier A Un De Ses Amis Sur L'Invasion De La Saxe Faite Par Le Roi De Prusse., 1757;","Friedrich <Preußen, König, II.>, beteiligte Person;","Papier, gedruckt, geheftet; Pappe, Einband, blaugrau;",,"laut https://www.deutsche-digitale-bibliothek.de/item/IBFRHDEHT4TPDVO3CMB5NQCC7YYBLSWYBeteiligte Personen und Organisationen: Schumann, Gottlieb (1702-1773) u. Le Coq, Jacques (1676-1766) laut http://reader.digitale-sammlungen.de/de/fs1/object/display/bsb10628322_00005.htmlAutor / Hrsg.: Schumann, GottliebVerlagsort: [S.l.] | Erscheinungsjahr: (1757)",
KnF-1757-33,39,1757,"Replik,Preußen,Sachsen,Österreich,Rechtsfrage,Geschichte als Argument","Les Preuves E Videntes, Reponse Au Memoire Raisonné De La Cour De Berlin, Au sujet de la Conduite des Cours de Vienne & de Dresde. A Varsovie 1757., 1757;",,"Papier, gedruckt, geheftet;",Heftung nicht mehr vorhandenlinker Rand beschädigteinige Seiten geknickt,,
KnF-1757-34,23,1757,"Rechtsfrage,Kriegsschuldfrage,Preußen","Gedanken über eines Schweitzers Betrachtung derer Bewegungsgründe des gegenwärtigen Krieges., 1757;",,"Papier, gedruckt, gefaltet;",,MDCCLVII.,"auf Titelblatt handschriftlich mit Tinte: ""H. n6."""
KnF-1757-35,16,1757,"Brief,Sachsen,Bündnissystem,Preußen","La Verité Des Faits. Lettre de Mr. ... à Mr. ..., 1757;",,"Papier, gedruckt, geheftet; Pappe, Einband, blaugrau;",,1757.,
KnF-1757-36,35,1757,"Staatsschrift,Rechtsfrage,Streitschrift,Reich,Preußen","Erinnerung des Presbengels an seinen Buchdruckergesellen wegen seines Schreibens über die Schriften der Preußischen Publicisten., 1757;",,"Papier, gedruckt, geheftet; Pappe, Einband, blaugrau;",Seiten 1-24 unten Papierfraß?,"Danzig, 1757.",
KnF-1757-37,7,1757,"Preußen,Reskript,Natur- und Völkerrecht,Reichsverfassung,Reich","Copia Königlich-Preußischen Rescripts an den Magistrat der Reichs-Stadt Nürnberg, d. d. Berlin, den 12. Jul. 1757. Die dem Völker-Recht entgegen laufende Ausschaffung des Königlich-Preußischen und Churfürstlich-Brandenburgischen accreditirten Ministre, Herrn Buirette von Oehlefeld, aus dasiger Stadt, und dagegen verlangende Satisfaction betreffend., [1757];",,"Papier, gedruckt, geheftet; Pappe, Einband, blaugrau;",Blätter nicht beschnitten,,"Signatur[?]: auf Titelblatt handschriftlich mit Bleistift: ""H"" oder ""74"" ""-1 Elf"""
KnF-1757-38,27,1757,"Kriegsbild,Streitschrift,Polemik,Frankreich,Österreich,Geschichte als Argument","Alte Neuigkeit von denen Preußischen und Oesterreichischen Kriegshändeln ausfindig und kundgemacht von dem der ehrlich ist und gern in Ruhe lebt., 1757;",,"Papier, gedruckt, geheftet; Pappe, Einband, blaugrau;",auf allen Seiten Falten,"Im Jahr 1757, an der Mittewoch nach dem Wochensonntag.","auf Titelblatt 2 mal Stempel: ""Fürstlich Löwenstein-Wertheim-Rosenberg'sche Hofbibliothek Kleinheubach"""
KnF-1757-39,21,1757,"Österreich,Satire","D. Johann Kampffs, weyland Feld-Predigers in Böhmen, über das Königreich Böhmen und benachtbarte Länder gestellte Propheceyungen, auf vieler inständiges Anhalten Den öffentlichen Druck, und curiösen Liebhabern aus einen aufrichtigen zu Schmalkalden durch Valentin Schmahertz 1643. gedruckten Exemplar publiciret von Wenceslao Gregern, Bekenner des Worts, als das Zweyte Stück der Weissagungen welche auf die gegenwärtige Zeit zu deuten scheinen., 1757;",,"Papier, gedruckt, geheftet; Pappe, Einband, blaugrau;",,1757.,
KnF-1757-40,11,1757,"Brief,Schlacht,Preußen,Panegyrik","Lettre Écrite De Königgratz par Mr. ... à un de ses amis à Breslau, au sujet de la Bataille du 28. Jui, & de la Levée du Siège de Prague., [1757];",,"Papier, gedruckt, geheftet; Pappe, Einband, blaugrau;",letztes Blatt außerhalb des Satzspiegels beschädigt (Loch),,
KnF-1757-41,23,1757,"Sachsen,Gedicht,Kriegsbild,Soldatentum,Friede","Das bedrängte Sachsen. Zweeter Gesang., 1757;",,"Papier, gedruckt, geheftet; Pappe, Einband, blaugrau;",,"Im Christmonate, 1757.","auf Titelblatt handschriftlich mit Bleistift: ""H B 6"""
KnF-1757-42,27,1757,Streitschrift,"Betrachtungen nach den Grundsätzen der Bücher-Censur über die zeither wegen der Ursache des gegenwärtigen Krieges herausgekommenen Streitschriften., 1757;",,"Papier, gedruckt, geheftet; Pappe, Einband, blaugrau;",,Im Jahre 1757.,
KnF-1757-43,11,1757,"Schlacht,Panegyrik,Preußen","Zufällige Gedanken über die Schlacht bei Prag vom 6ten Mai 1757., 1757;",,"Papier, gedruckt, geheftet; Pappe, Einband, blaugrau;",,"Berlin, 1757.",
KnF-1757-44,43,1757,"Preußen,Sachsen,Soldatentum,Rechtsfrage,Konfession","Vertraute Unterredung eines Sächsischen Rekrouten und eines Preusischen Freipartheigängers den jezigen Krieg betreffend., 1757;",,"Papier, gedruckt, geheftet; Pappe, Einband, blaugrau;","Titelblatt eingerissen, Heftung des ersten Bogens teilweise gelöst",,
KnF-1757-45,7,1757,"Schlacht,Preußen,Österreich,Kriegsverlauf","Vorläuffige Umstände von dem am ersten des itzigen Monaths von der Königl. Preußischen Armee über die Oesterreichische erfochtenen Sieg., [1757];",,"Papier, gedruckt, geheftet; Pappe, Einband, blaugrau;",,,
KnF-1757-46,27,1757,"Preußen,Sachsen,Natur- und Völkerrecht,Rechtsfrage,Konfession,Österreich,Reichsverfassung,Niederlande","Unpartheiische Gedanken eines Holländers bei dem gegenwärtigen deutschen Kriege., 1757;",,"Papier, gedruckt, geheftet; Pappe, Einband, blaugrau;",,Roterdam 1757.,
KnF-1757-47,15,1757,"Preußen,Schlacht,Panegyrik,Gedicht,Konfession,Ruhm","Die heldenmüthige wunderbare und höchstglükliche Siege Friederich des Grosen Königes in Preusen allerunterthänigst besungen von C. D. G., 1757;",,"Papier, gedruckt, geheftet; Pappe, Einband, blaugrau;",2 große Falten in allen Seiten,1757.,
KnF-1757-48,35,1757,"Brief,Streitschrift,Preußen","Schreiben eines Buchdruckergesellens aus H. an seinen guten Freund in L. über einige bisher im Druck erschienene Schriften der Preußischen Publicisten., 1757;","Heyne, Christian Gottlob, Verfasser;","Papier, gedruckt, geheftet; Pappe, Einband, blaugrau;",1 Falte durch alle Seiten,1757.,
KnF-1757-49,39,1757,"Preußen,Satire","Der unpartheyisch entworfene Hohe Character Sr. Königl. Maiestät Herrr Friedrich des Andern jetzt glorwürdigst regierenden Königs in Preussen ec. ec. , 1757;","Friedrich <Preußen, König, II.>;","Papier, gedruckt, geheftet; Pappe, Einband, blaugrau;",,"Cölln, 1757.",
KnF-1757-50,19,1757,"Predigt,Preußen,Schlacht","Der größte und herrlichste unter allen bisherigen Siegen, welchen das Königliche Preußische Herr am 6ten May 1757. bey der Böhmischen Hauptstadt Prag unter Göttlichem Beystande erfochten, wurde nach seinen edlen Früchten und Wirkungen der Gemeine zu S. Petri in Cölln in der verordneten DankPredigt vorgestellet von Johann Peter Süßmilch Königl. Preuß. Ober-Consistorial-Rath und Probst bey S. Petri., 1757;","Süssmilch, Johann Peter, Verfasser;","Papier, gedruckt, geheftet; Pappe, Einband, blaugrau;",fleckig,"Berlin, 1757.",
KnF-1757-51,39,1757,"Preußen,Satire","Der unpartheyisch entworfene Hohe Character Sr. Königl. Maiestät Herrr Friedrich des Andern, jetzt glorwürdigst regierenden Königs in Preussen ec. ec., 1757;",,"Papier, gedruckt, geheftet; Pappe, Einband, blaugrau;",fleckig,"Cölln, 1757.",
KnF-1757-52,11,1757,"Friede,Kriegsverlauf,Kriegsalltag","Deutlicher Kriegs- und Friedensspiegel bei Gelegenheit der Unruhen im heiligen deutschen römischen Reiche., 1757;",,"Papier, gedruckt, geheftet; Pappe, Einband, blaugrau;",,1757.,
KnF-1757-53,19,1757,"Schlacht,Gedicht,Briefwechsel,Preußen,Österreich","Zwey poetische Sendschreiben von dem durch die Kaiserl. Königl. Waffen den 18. Junii 1757. zu Chotzemitz wider den König von Preußen erfochtenen Siege., 1757;",,"Papier, gedruckt, geheftet; Pappe, Einband, blaugrau;",Titelblatt: Tintenfraß ?,1757.,
KnF-1757-54,11,1757,"Streitschrift,Preußen","L' Aggresseur, Prusias Et Thrason, Conte. Oder Der Aggreßor, Pruß und Thrax, Eine Erzählung., 1757;",,"Papier, gedruckt, geheftet; Pappe, Einband, blaugrau;",auf allen Blättern zwei Falten,1757.,
KnF-1757-55,19,1757,"Großbritannien,Polemik","Nachricht von der überaus Lächerlichen Lebensart der Bergschotten, von welchen ein ansehnlich Corps zur Hannöverischen Armee stossen sollen., 1757;",,"Papier, gedruckt, geheftet; Pappe, Einband, blaugrau;","Titelblatt, Riß am rechten Rand",Amsterdam 1757.,
KnF-1757-56,20,1757,"Preußen,Schlacht,Gedicht,Panegyrik,Ruhm","Sammlung verschiedener Gedichte Auf Sr. jeztregierende Königl. Majestät in Preussen., 1757;","Friedrich <Preußen, König, II.>;","Papier, gedruckt, geheftet; Pappe, Einband, blaugrau;",,1757.,
KnF-1757-57,3,1757,"Ruhm,Preußen,Gedicht","Stances  Irrégulieres Sur Le Camp Roy De Prusse, [1757];",,"Papier, gedruckt, gefaltet;",blaue Papierreste von ehemaliger HeftungFaltkante teiweise aufgerissen,,
KnF-1757-58,3,1757,"Gedicht,Preußen,Ruhm","Ode an die Preußische Arme. Verfertigt von dem Herrn v. K. dem Verfasser des Frühlings, im Böhmischen Lager. April 1757., 1757;","Kleist, Ewald Christian von, Verfasser;","Papier, gedruckt, gefaltet;","am rechten Seitenrand fehlt jeweils ein Stück, Falte im Titelblatt,zweites Blatt eingerissen, auf der Rückseite mit Klebeband geklebt,Faltkante eingerissen",April 1757.,
KnF-1757-59,3,1757,"Sachsen,Streitschrift,Reskript","Allergnädigstes Rescript Sr. Königl. Majest. von Pohlen und Churfl. Durchl. zu Sachsen an den Magistrat zu Zittau, da die arme Stadt bey ihrem beklagenswürdigsten Unglück noch von Uebelgesinnten den Vorwurff leiden sollen, daß sie sich dieses Unglück durch Untreue an ihrem Landes-Herrn selbst mit zugezogen haben sollte. Um sich durch dieses Königliche Schreiben bey denen Uebelgesinnten zu rechtfertigen., 1757;","August <Polen, König, III.>, beteiligte Person; Brühl, Heinrich von, beteiligte Person;","Papier, gedruckt, gefaltet;",- an der Faltkante fehlt unten ein Stück- Faltkante teilweise eingerissen- der obere Rand des zweiten Blattes ist unsauber beschnitten,"""Aus dem Altonauer Reichs-Post-Reuter bekannt gemacht.""",
KnF-1757-60,23,1757,"Preußen,Sachsen,Rechtsfrage,Konfession,Replik","Anmerckungen über die Beantwortung der Sächsischen Schrift, welche unter dem Titel: die Gerechte Sache Chur-Sachsens neulich im Druck erschienen., 1757;",,"Papier, gedruckt, geheftet;","Papier fleckig, Heftung gelöst, Ränder teilweise geknicktTitelblatt am linken Rand an einigen Stellen eingerissen","Erfurth, 1757.",
KnF-1757-61,5,1757,"Zeitung,Großbritannien,Österreich,Russland,Deutschland,Frankreich","Gazette De Cologne: Avec Privilege De Sa Majeste Imperiale. Du Mardy, 25 Janvier 1757., 1757;",,"Papier, gedruckt;","sowohl Bogen als auch Blatt (Supplement) ehemals zweifach gefaltetTitelblatt rechte untere Ecke fehlt, oben geknickt",,
KnF-1757-62,70,1757,"Replik,Natur- und Völkerrecht,Rechtsfrage,Kriegsschuldfrage,Preußen,Österreich,Sachsen","Ungrund des Memoire Raisonne, und derer aus den angefügten so genannten Pieces Justificatives geführten Beweisthümer von den gefährlichen Anschlägen der Wiener und Dreßdner Höfe wider Se. Preußische Majestät, aus Unumstößlichen Gründen des allgemeinen Völker- und aus Tractaten gezogenen Europäischen Staatsrechts überzeugend vor Augen geleget. Der vollständigen Beantwortung Preußischer Schriften Zweytes Stück., 1757;",,"Papier, gedruckt, geheftet;","Heftung löst sich teilweiseTitelblatt, am oberern Rand fehlt ein Stück, Seiten 25-30 oben geknickt",,
KnF-1757-63,47,1757,"Preußen,Rechtsfrage,Kriegsschuldfrage","Gedancken eines Schweizers über die Ursachen des gegenwärtigen Kriegs., 1757;",,"Papier, gedruckt, geheftet;","Heftung teilweise gelöst, mehrere Bogen losevon Titelblatt bis S. 6 Papierfraß(?)",1757.,
KnF-1757-64,11,1757,"Gedicht,Preußen,Kriegsbild,Panegyrik","Der Krieg, Oder Die Empfindungen eines Christen bey dem Kriege. Eine Ode., 1757;",,"Papier, gedruckt, geheftet; Pappe, Einband, blaugrau;",letzte Seite: Lochfraß(?),Halle. 1757.,
KnF-1757-65,19,1757,"Predigt,Preußen,Schlacht","Predigt, bey Gelegenheit des Sieges bey Prag. Zu Berlin in der Kirche auf der Friedrichstadt, am Sonntage Rogate den 15ten des Maymonats, Nachmittage gehalten von Herrn Prof. Formey, Diener des göttl. Wortes, und der Königl. Akademie der Wissenschaften beständigen Secretärs., 1757;","Formey, Jean Henri Samuel, Verfasser;","Papier, gedruckt, geheftet;",,1757.,
KnF-1757-66,31,1757,"Theaterstück,Kriegsalltag","Ernsthaftes und vertrauliches Bauren-Gespräch gehalten im Schultzen-Gerichte zu R. und W., 1757;",,"Papier, gedruckt, geheftet;","Heftung gelöst, von Titelblatt bis Seite 12 oben geknickt",1757.,
KnF-1757-67,35,1757,"Preußen,Rechtsfrage,Kriegsschuldfrage","Betrachtungen eines Schweizers über die Bewegungsgründe des gegenwärtigen Krieges., 1757;",,"Papier, gedruckt, geheftet; Pappe, Einband, zweifarbig;",Seiten 5 bis 8 oben geknickt,"Zürich, 1757.",
KnF-1757-68,16,1757,"Geschichte als Argument,Preußen,Österreich,Rechtsfrage,Streitschrift","Kurzer doch Gründlicher Beweis, daß das Königreich Böhmen Sr. Königl. Majestät in Preussen zustehe., [1757];",,"Papier, gedruckt, geheftet; Pappe, Einband;",Seiten teilweise unbeschnitten,,"Innenseite Einband, handsschriftlich mit Bleistift: ""197/69 65,-"""
KnF-1758-51_1,3,1758,"Schlacht,Kriegsverlauf,Soldatentum,Preußen,Russland","Zuverläßige Nachricht von der den 25. Aug. bey Zornsdorf vorgefallenen sehr hitzigen und fast 2 Tage continuirlichen Action des Königs von Preußen mit der Rußischen Armee, nebst der Specification der Ruß. gefangenen Generals., 1758;",,"Papier, gedruckt, gefaltet;","fleckig, Faltkante beschädigt,evtl. früher geheftet",1758.,
KnF-1758-1,55,1758,"Predigt,Schlacht,Preußen,Ruhm","Wahrer Christen und treuer Untertahnen schuldige und nöthige Pflicht, bey dem glücklichen Fortgang der Waffen ihres Königes und Seiner herrlichen Siege, in einer feierlichen Dank- und Sieges-Predigt wegen des Größten und Herrlichsten Sieges des Königes, über die Ganze Oesterreichische Armee, am Sontage Rogate den 15. May 1757, als am Höchstverordneten Dank- und Sieges-Fest, über I Timotheum II, I. 2. in der Heiligen Geist Kirche zu Potsdam vorgetragen, von Ernst Wentzelmann Königl. Preußischen Inspector und Pastor an gemeldter Kirche., [1757];","Friedrich <Preußen, König, II.>;","Papier, gedruckt, geheftet; Papier, Einband, mehrfarbig;",teilweise fleckig,"Potsdam, gedruckt bey Johann George Bauer, Königl. privil. Hof-Buchdrucker.",
KnF-1758-12_1,4,1758,"Gedicht,Preußen,Kriegsalltag,Satire","Schreiben an Se. Königliche Majestät in Preussen von einem Lieutenant der Cavallerie, welcher bey Lobositz bleßiert worden, und dessen Pferde und Bagage verlohren gegangen., 1758;",,"Papier, gedruckt;","Heftung gelöst, auf der letzten Seite durchgehend der Rest des Papierstreifens, der die Heftung bedeckte","Berlin, 1758.",
KnF-1758-2,11,1758,"Gedicht,Schlacht,Ruhm,Panegyrik,Preußen,Frankreich,Reich","Friedrich der Sieger, in einer Ode, auf den am 5ten November 1757 bey Roßbach, zwischen Weißenfels und Merseburg, über die verbundenen Heere erfochtenen herrlichen Sieg, von der Königlichen deutschen Gesellschaft in Königsberg besungen., 1758;","Friedrich <Preußen, König, II.>;","Papier, gedruckt, geheftet;",,1758.,
KnF-1758-12_2,4,1758,"Preußen,Polemik,Satire",Versuch einer Abschilderung des Königs in Preussen aus dem Französischen des Herrn vom M** übersetzt. Berlin 1758.;,,"Papier, gedruckt;",,"Berlin, 1758",
KnF-1758-51_2,3,1758,"Russland,Preußen,Schlacht,Kriegsverlauf","Ausführliche Beschreibung der grossen Victorie Von denen den 25, 26. und nachfolgenden 28. Aug. 1758. zwischen den Kayserlich-Rußisch- und Königlich-Preußischen Armeen vorgefallenen dreyen glorieusen Bataillen., 1758;",,"Papier, gedruckt, gefaltet;",,,
KnF-1758-3,23,1758,"Österreich,Konfession,Reichsverfassung,Preußen,Streitschrift,Rechtsfrage,Bündnissystem,Schweden,Frankreich,Reich,Sachsen","Irenophili zufällige Gedanken über einige politische Paradoxa bey jetzigem Kriege., 1758;",,"Papier, gedruckt, geheftet;",Papier wellig,1758.,"auf Titelblatt mit Bleistift: ""GV 70, 154"""
KnF-1758-4,15,1758,"Staatsschrift,Preußen,Geschichte als Argument","Lob der Historie und von dem Nuzen, welchen Hohe und Niedrige in der Welt aus dem rechten Gebrauch der historischen Wissenschaften und von denen ans Licht kommenden Staatsschriften, mit einer Ermahnung an solche Gelehrte, welche eine historische Wissenschaft haben, die Geschichte des jezigen so sehr merkwürdigen Krieges, mit unpartheiischer und wahrhaftiger Feder zu beschreiben., 1758;",,"Papier, gedruckt, geheftet;",,,"auf Titelblatt mit Bleistift: ""t 3, (Inv.) S.)""[?] u. ""GV 83, Z 99""[?]"
KnF-1758-5,53,1758,"Schlacht,Zeitung,Preußen,Österreich,Sachsen,Kriegsschuldfrage,Konfession,Reich","Der wegen der Schlacht bey Rosbach und Neumark todtkrancke Pasquinus nebst dessen merkwürdiger Abschiedsrede den gegenwärtigen Krieg betreffend., 1758;",,"Papier, gedruckt, geheftet; Papier, Einband, einfarbig;",Heftung teilweise gelöst,1758.,
KnF-1758-6,7,1758,"Gedicht,Preußen,Panegyrik,Ruhm","Dem Allerdurchlauchtigsten Großmächtigsten Fürsten und Herrn, Herrr Friedrich König in Preussen, Marggraf zu Brandenburg, des Heil. Römischen Reichs Ertz-Cämmerer und Churfürsten, Unserm Allergnädigsten Höchstzuverehrenden Landes-Vater wurde dieser geringe doch hertzliche Wunsch zur freudigen Offenbarung der feurigen Triebe eines mit tieffster Ehrfurcht und schuldigster Liebe und Hochachtung erfülleten treuen Hertzens, beym Anfange des 1758sten Jahres in völliger Zuversicht einer Höchstgnädigen Aufnahme, allerunterthänigst gehorsamst überreichet von Johann Gottlieb Nusche, Prediger bey der Gemeine zu Wustrau im Ruppinschen., [1758];",,"Papier, gedruckt, geheftet;",,,
KnF-1758-7,43,1758,"Frankreich,Preußen,Österreich,Russland,Panegyrik,Sachsen,Kriegsverlauf,Ruhm,Reich,Schweden,Kriegsalltag,Schlacht","Grundsäulen der Unternehmungen Ihro Kaiserl. Königl. Majestät Maria Theresia, und Sr. Königlichen Majestät in Preußen Friedrichs; Oder: Militarische, politische und kritische, aber unpartheyische und freye Gedanken über den gegenwärtigen Krieg und den Zustand in Europa. Eine Schrift, welche alle denjenigen, die sich von der Unwissenheit und Vorurtheilen wollen lassen, sehr dienlich seyn kann., 1758;",,"Papier, gedruckt, geheftet;",Papier wellig,1758.,
KnF-1758-8,21,1758,"Schlacht,Predigt,Preußen","Predigt über den Sieg bey Roßbach, zu York in England am 27. Nov. 1757. gehalten, da am selbigen Tage, die Nachricht von dem Siege des Königs von Preussen bey Roßbach vom 5ten Nov. dort angekommen war, von Neucome Cappe Presybyter. Prediger., 1758;",,"Papier, gedruckt, geheftet; Pappe, Einband, einfarbig;","Papier fleckig, Seitenränder unbeschnitten","Bremen und Leipzig, im Verlag Georg Ludwig Försters. 1758.",
KnF-1758-9,15,1758,"Preußen,Brief,Ruhm,Frankreich,Kriegsalltag","Schreiben eines Frauenzimmers aus Westphalen vom 1ten April, 1758. an Ihren Freund allhier, über den dortigen Aufenthalt und Abzug der Franzosen., 1758;",,"Papier, gedruckt, geheftet;",Papier wellig,,
KnF-1758-10,63,1758,"Brief,Preußen,Großbritannien,Münzwesen,Reich,Sachsen,Geschichte als Argument","Post-Script zu dem Schreiben von Franckfurt am Mayn nach Leipzig über den gerechtfertigten Ephraim., 1758;",,"Papier, gedruckt, geheftet;","Heftung teilweise gelöst, außen auf Rücken Reste vom Papierstreifen, der ursprünglich die Bindung[?] bedeckte","Aschaffenburg, 1758.",
KnF-1758-11,11,1758,"Gedicht,Preußen,Österreich,Russland,Frankreich,Schweden,Satire","Das grosse Hahnengeschrey Oder: Vorstellung der jetzigen Kriegszeiten., 1758;",,"Papier, gedruckt, geheftet; Papier, Einband, einfarbig;",durchgehend auf allen Blättern im unteren Teil WasserschadenEcken bestoßen,1758.,
KnF-1758-13,23,1758,"Brief,Gedicht,Preußen,Panegyrik,Ruhm","Spuren der Vorsicht bey dem ietzigen Kriege, in einem Sendschreiben aufgesuchet; Nebst einer Ode auf den Geburtstag Friedrich des Grosen., 1758;",,"Papier, gedruckt, geheftet;",,In dem Jahr 1758.,
KnF-1758-14,15,1758,"Kriegsverlauf,Preußen,Schlacht","Noticia Do Sitio, E Rendimento Da Praça de Scheweidnitz, E Outras Muitas operaçoens feitas na Silezia. , [1758];",,"Papier, gedruckt, geheftet; Pappe, Einband, mit Leder bezogen;",,,
KnF-1758-15,75,1758,"Polemik,Brief,Preußen,Kriegsalltag,Streitschrift,Sachsen","Der gerechtfertigte Ephraim. Oder, Historische und beurtheilende Nachrichten über den vergangenen, gegenwärtigen und künftigen Zustand des Sächsischen Finanz-Wesens: Nebst einer Vergleichung der Preußischen und Sächsischen Oeconomie. Ein sehr nützliches Werk vor alle Gläubiger, Correspondenten, Freunde und Feinde von Preußen und Sachsen; durch den Juden Ephraim zu Berlin, an seinem Vetter Manasses in Amsterdam., 1758;","Ephraim, Veitel Heine, beteiligte Person;","Papier, gedruckt, geheftet;",letzter Bogen lose,1758.,
KnF-1758-16,7,1758,"Kriegsalltag,Preußen,Ruhm,Gedicht","Sehr Merckwürdige Anrede Seiner Durchlaucht Des Hertzogs von Braunschweig An die Hannöverische Armee, Samt Einen geistreichen Lied Welches Alle Tage bey der Preußischen Armee gesungen wird. Dann Zwey schöne Gedichte Auf Seine Königliche Majestät in Preussen., 1758;","Ferdinand <Braunschweig-Lüneburg, Herzog, 1721-1792>, beteiligte Person;","Papier, gedruckt, geheftet; Papier, Einband, einfarbig;",beide Blätte eingerissenPapier fleckig,1758.,
KnF-1758-17,27,1758,"Gedicht,Preußen,Österreich,Kriegsschuldfrage,Reichsverfassung,Kriegsverlauf,Frankreich,Bündnissystem","Fortgesetzter Anhang zu dem Poetischen Traume., 1758;",,"Papier, gedruckt, geheftet; Pappe, Einband, blaugrau;",Papier stellenweise fleckig,Anno 1758.,
KnF-1758-18,35,1758,"Konfession,Preußen,Österreich,Kriegsschuldfrage,Geschichte als Argument,Kriegsverlauf","Freundliche Unterredung zwischen einem Lutheraner und Jesuiten, worinnen von dem Ursprunge, Fortgang und wahren Beschaffenheit des gegenwärtigen Kriegs unpartheyisch gehandelt wird., 1758;",,"Papier, gedruckt, geheftet;",,"Prag, 1758.",
KnF-1758-19,35,1758,"Österreich,Frankreich,Preußen,Sachsen,Deutschland,Reich","Einige Weissagungen, so auf die Umstände gegenwärtiger Zeit zu deuten scheinen, und gestellte Prophezeyungen über das Königreich Böhmen und andere benachbarte Länder, von nachfolgenden Scribenten beschrieben, Als: I. Von D. Nicolaus Drabitius, 1654. II. Von D. Philippo Theophrasto Paracelso, 1546. III. Von Veit Dietrich an Hrn. Phil. Melanchthon, vor 300 Jahren. IV. Von D. Johann Corion, Astron. aus Holland, 1646. V. Von D. Johann Kampff, 1643. VI. Ein Prognosticon des flüchtigen Paters, 1710. VII. Weissagungen aus Herrn D. Lutheri, Selnecceri und Philippi Nicolai Schrifften genommen. VIII. Christian Herigs ausserordentliche Anzeigen, 1756. IX. Michael Lindners Prophezeyung im Jahr 1639. X. Himmels-Zeichen zu Sohland, den 25 Dec. 1757. Auf Verlangen vieler curiöser Liebhaber aus alten Manuscriptis aufrichtig communiciret und dem öffentlichen Druck übergeben von einem ehrlichen HistoRiographo., 1758;","Paracelsus, beteiligte Person; Dietrich, Veit, beteiligte Person; Melanchthon, Philipp <Theologe>, beteiligte Person; Luther, Martin, beteiligte Person; Selnecker, Nikolaus, beteiligte Person; Nicolai, Philipp, beteiligte Person;","Papier, gedruckt, geheftet;",,"Franckfurt und Leipzig, 1758.",
KnF-1758-20,43,1758,"Streitschrift,Replik,Sachsen,Preußen,Kriegsalltag","Schreiben von Franckfurt am Mayn nach Leipzig über den gerechtfertigten Ephraim insonderheit über die angeschuldigte Preußische Gewalt und Empörung im Reich., 1758;",,"Papier, gedruckt, geheftet;",Heftung teilweise gelöst,"Burg-Friedberg, 1758.",
KnF-1758-21,87,1758,"Großbritannien,Friede,Kriegsschuldfrage,Handel,Konfession,Deutschland,Frankreich,Preußen,Österreich,Russland,Schweden,Patriotismus,Rechtsfrage,Marine","Der Geist des gegenwärtigen Krieges. Eine Rede des Herrn von G*** in der Kammer der Gemeinen, Für und wider die beeden Meynungen, welche in dem Parlamente von Groß-Brittannien herrschen, zum Besten des Brittischen Handels und des Friedens., 1758;","Pitt, William <der Ältere>;","Papier, gedruckt, geheftet;",Papier fleckig,1758.,
KnF-1758-22,119,1758,"Replik,Großbritannien,Frankreich,Bündnissystem,Friede,Kriegsschuldfrage,Rechtsfrage,Vertrag,Dokumentenanhang","Wahrhafte Vorstellung des Betragens, welches Sr. Königl. Majestät von Grosbritannien als Churfürst zu Braunschweig und Lüneburg, bey denen in Teutschland entstandenen Krieges-Unruhen beobachtet haben. Entgegen gesezt der Schrift welche den Titel führet: Das Betragen Sr. Allerchristl. Maj. des Königs von Frankreichs entgegen gestellet dem Betragen des Königs von Engelland, Churfürsten zu Hannover., 1758;","Georg <Großbritannien, König, II.>, beteiligte Person; Ludwig <Frankreich, König, XV.>, beteiligte Person;","Papier, gedruckt, geheftet;",Heftung teilweise gelöst,1758.,
KnF-1758-23,15,1758,"Staatsschrift,Preußen,Österreich,Sachsen","Recueil Des Piéces Authentiques, Relatives A La Présente Guerre, Publiés Par Les Cours De Vienne, De Berlin Et De Saxe., 1758;",,"Papier, gedruckt, geheftet;","Heftung nicht mehr vorhanden dadurch lose Bögen, von denen einige nicht vollständig aufgeschnitten wurdenRänder beschädigt",MDCCLVIII.,
KnF-1758-24,31,1758,"Predigt,Preußen","Erhabener Gerechten gewünschte Erwartung, in beglückten Nachkommen sterbend noch zu leben, in der, bey öffentlicher Trauer über Seiner Königlichen Hoheit Des Durchlauchtigsten Fürsten und Herrn, Herrr August Wilhelm, Prinzens von Preußen etc. im Jahre 1758. den 12. Brachmonats erfolgtem frühzeitigem Hintritte, auf allergnädigsten Königlichen Befehl am 7. Sonntage nach Trinitatis den 9. Julius gehaltenen feyerlichen Gedächtniß-Predigt aus dem darzu allerhöchst vorgeschriebenen Text Ps. CXII. v. 2. der hochansehnlichen und volkreichen Gemiene zu St. Elisabeth in Breßlau vorgestellet von Johann Friedrich Burg, Königl. Oberconsistorial-Rath, der Evangelischen K[irchen] und Schulen Inspector., 1758;","August Wilhelm <Preußen, Prinz>, beteiligte Person;","Papier, gedruckt, geheftet;","Bis Seite 8 fehlt am unteren Rand ein Stück, bis Seite 6 sind auch Teile der letzten Zeilen nicht zu lesen. Schimmel u. Papierfraß","[Bresla]u, in Johann [Jacob Korns Bu]chhandlung. 1758. [teilweise übernommen!]",
KnF-1758-25,23,1758,"Preußen,Predigt","Trauer-Predigt auf den Tod Seiner Königlichen Hoheit des Prinzen August Wilhelm, Prinzen in Preußen ec. ec. gehalten in der Evangelisch-Reformirten Pfarrkirche den 9ten Julius 1758. von L. S. Noltenius, 1758;",Nolten <Familie>;,"Papier, gedruckt, geheftet;",bei einigen Seite Ecken geknickt,"Breßlau, in Johann Jacob Korns Buchhandlung",
KnF-1758-26,83,1758,"Brief,Frankreich,Kriegsalltag,Soldatentum","Lettres Sur L'Etat Actuel De l'Armée Françoise Du Bas Rhin. Lettres II. & III., 1758;",,"Papier, gedruckt, geheftet; Papier, Einband, einfarbig;","Einband des Titelblattes obere rechte Ecke fehlt, Einband fleckigerste Seiten teilweise fleckig",M. D. CC. LVIII.,
KnF-1758-27,33,1758,"Theaterstück,Kriegsalltag","Ernsthaftes und vertrauliches Bauergespräch, bey den gegenwärtigen Krieg betreffend, gehalten zu P*** Auf vieles Ansuchen aus der plattdeutschen in die hochdeutsche Sprache übersetzt. Erste und zweyte Unterredung., 1758;",,"Papier, gedruckt, geheftet;","Heftung lose, Ecken teilweise geknickt","Frankfurt und Leipzig, 1758.",
KnF-1758-28,33,1758,"Kriegsalltag,Theaterstück","Fünftes Ernsthaftes und vertrauliches Bauren-Gespräch gehalten im Schulzen-Gerichte in D., 1758;",,"Papier, gedruckt, geheftet;",Heftung teilweise gelöst,1758.,
KnF-1758-29,96,1758,"Großbritannien,Frankreich,Preußen,Handel,Staatsschrift,Marine,Antike","Débats En Parlement D'Angleterre, Au Sujet Des Affaires Générales de l'Europe. Où l'on voit les différentes opinions des Lords, dont les uns prétendent prouver la nécessité de continuer la Guerre, & les autres l'obligation indispensable de faire la Paix. Traduit de L'Anglois., 1758;","Goudar, Ange, Herausgeber;","Papier, gedruckt, geheftet; Papier, Einband, gedruckt, einfarbig;",Einband fleckigauf Einband außen drei Wachsflecken[?],A Londres. M. DCC. LVIII.,
KnF-1758-30,13,1758,"Preußen,Gedicht,Ruhm,Panegyrik","Die Geburtsfeier des Königs. Poetisch entworfen von einem Pohlen., 1758;",,"Papier, gedruckt, geheftet;",Seitenecken teilweise geknicktletzte Bätter fleckig,"Breßlau, in der Pietschischen Buchhandlung. 1758.",
KnF-1758-31,49,1758,"Preußen,Brief,Sachsen,Bündnissystem,Großbritannien","Avis Au Ministre De Prusse, A La Haye. Au de là du Mordick., 1758;",,"Papier, gedruckt, geheftet;",untere Ecke der letzten beiden Blätter geknickt,M. DCC. LVIII.,
KnF-1758-32,11,1758,"Großbritannien,Österreich,Frankreich,Reich,Reichsverfassung,Bündnissystem","Kurze Erläuterung derjenigen Staats-Revolutionen, welche sich seit 1748 bis 1756 zugetragen, und die ersten Funken des itzigen Kriegsfeuers angezündet haben. Aus Originalberichten derer Gesandten, aus ihren mündlichen Vorstellungen, und aus denen Negotiationsacten mit verschiedenen Höfen zusammen getragen., 1758;",,"Papier, gedruckt, geheftet;",Papier teilweise fleckig,1758.,
KnF-1758-33,15,1758,"Großbritannien,Bündnissystem","Troisiéme Coup-D'Oeil Sur Ma Patrie, Traduit de l'Anglois. , 1758;",,"Papier, gedruckt, geheftet;",Ecken teilweise geknicktPapier teilweise fleckig,A Amsterdam. M. DCC. LVIII.,
KnF-1758-34,35,1758,"Ruhm,Würde,Kriegsalltag","Moralische Schilderung eines wahren unüberwindlichen Helden nach dem vollkommensten Muster unserer Zeiten entworfen von Fridlibio., 1758;",,"Papier, gedruckt, geheftet;",,"Königsberg, 1758.",
KnF-1758-35,35,1758,"Preußen,Österreich,Natur- und Völkerrecht,Sachsen,Frankreich,Russland,Schweden,Reich,Großbritannien,Polen","Das Orakul eines Schweizers, woraus man deutlich sehen kann, wer von denen kriegenden hohen Mächten bey gegenwärtigen Krieg Vortheil oder Schaden ziehen wird., 1758;",,"Papier, gedruckt, geheftet;",,1758 Gedruckt auf allgemeinen Vorschub.,
KnF-1758-36,19,1758,"Preußen,Reich,Reichsverfassung,Kriegsbild,Soldatentum,Streitschrift","Das gerochene Franken wegen der von denen Königl. Preußischen Trouppen zu zweymalen unternommenen widerrechtlichen und feindlichen Ueberziehung des Fränkischen Craißes., 1758;",,"Papier, gedruckt, geheftet;",teilweise fleckig,Frankenhausen 1758.,
KnF-1758-37,55,1758,"Gedicht,Patriotismus,Österreich,Sachsen,Preußen,Reich,Frankreich,Großbritannien,Schweden,Polen","Das Orakel jetziger Zeit, welches von allen Europäischen Nationen und mancherley Ständen um Rath gefraget wird., 1758;",,"Papier, gedruckt, geheftet;",Papier wellig,"Strasburg, gedruckt bey Fausts Urenkel 1758.",
KnF-1758-38,15,1758,"Zeitung,Österreich,Schlacht,Kriegsalltag","Verzeichnis Derer Herren Generals, Militair- Staabs- und andern Officiers, auch Unter-Officiers und Gemeinen, von denen Oesterreichischen Trouppen, so den 16. April. 1758. zu Schweidnitz in die Kriegs-Gefangenschaft verfallen., [1758];",,"Papier, gedruckt, geheftet; Papier, Einband, mehrfarbig;",Papier teilweise fleckigeine Falte[?] in der Mitte aller Blätter,Breslau in der Zeitungs-Expedition.,
KnF-1758-39,11,1758,"Gedicht,Schlacht,Preußen,Russland,Ruhm","Ode auf den Unschätzbaren Sieg bey Zorndorf von J. F. S., 1758;",,"Papier, gedruckt, geheftet; Pappe, Einband, blau;",durchgänig Wasserschaden,Berlin 1758.,
KnF-1758-40,11,1758,"Ruhm,Gedicht,Schlacht,Preußen,Russland","Der unvergeßliche Zehnte Sieg Friedrich des Großen, welcher über die ganze Rußische Armee bey Zorndorf den 25sten August 1758. erfochten wurde, wird patriotisch besungen von J. H. S. R., [1758];",,"Papier, gedruckt, geheftet; Pappe, Einband, blau;",Seiten weisen durchgängig mehrere Falten auf,Berlin,"auf der Rückseite des Titelblattes: Stempel ""EX LIBRIS G. A. KNOLL"""
KnF-1758-41,35,1758,"Preußen,Panegyrik,Ruhm","Lobrede auf den König, Welche den 24sten des Jenners 1758. an Seiner Majestät Gebuhrtstage auf dem Königl. Joachimsthalischen Gymnasio gehalten worden von J. G. Sulzer, Mitgliede der Königl. Academie der Wissenschaften und Professor der Mathematik., [1758];","Sulzer, Johann Georg, Verfasser; Friedrich <Preußen, König, II.>;","Papier, gedruckt, geheftet;",Heftung teilweise gelöst,"Berlin, gedruckt in der Königl. Academie Buchdruckerey bey Grynäus und Decker.",
KnF-1758-42,29,1758,"Ruhm,Panegyrik,Preußen","Lobrede auf Den König, welche den 24. des Jenners 1758. Seiner Majestät Gebuhrtstage, auf dem Königlichen Joachimsthalischen Gymnasio gehalten worden, von J. G. Sulzer, Mitglied der Königl. Academie der Wissenschaften, und Professor der Mathematik., 1758;","Sulzer, Johann Georg, Verfasser;","Papier, gedruckt, geheftet;",,"Berlin, 1758.",
KnF-1758-43,29,1758,"Gedicht,Soldatentum,Kriegsalltag","Die Abbildung eines Schlacht-Feldes und die Buße eines hart bleßirten sterbenden Soldaten samt einem Anhang zum Lobe der Dreyeinigkeit Gottes., 1758;",,"Papier, gedruckt, geheftet; Papier, Einband, blau;","Titelblatt eingerissen, die Ränder des Risses geknicktuntere Ecke der meisten Blätter ist geknicktRückseite des Einbandes fleckig",1758.,
KnF-1758-44,7,1758,"Brief,Gedicht,Soldatentum","Ein Poetisches Schreiben eines Preußischen Husaren aus Leipzig an seinen Vetter nach Magdeburg., 1758;",,"Papier, gedruckt, gefaltet; Pappe, Mappe;",,1758.,
KnF-1758-45,15,1758,"Briefwechsel,Preußen,Sachsen","Die Macht der Wahrheit in einem Schreiben des Herrn Grafen von Brühl an einen Kaufmann in Berlin und der Antwort des leztern., 1758;","Brühl, Heinrich von, beteiligte Person;","Papier, gedruckt, gefaltet;",einige der Faltkanten der Bögen sind gerissenDruck ursprünglich zweimal gefaltet,"Warschau, 1758.",
KnF-1758-46,23,1758,"Konfession,Polemik","Treuherzig-gemeynte Vorstellung und recht väterliche Ermahnung Wie nach dem wahren Sinne des apostolischen Stuhls zu Rom, die unter den chrsitlichen Potenzien zeithero obschwebenden Land und Leut verderblichen Mißhelligkeiten, nicht nur sehr leicht aus dem Grunde gehoben, und vollkommentlich abgethan, sondern zugleich auch eine ganz unzertrennliche und ewig fortwährende Freundschaft errichtet; durch welche Vereinbarung christcatholischer Fürsten, zeitliches Glück, Macht und Hoheit, mittelst Unterthänigmachung und Beherrschung des ganzen Erdbezirks, [...], allermeist aber durch Ausrottung gesammter Ketzereyen vollkommen befördert werden können.;",,"Papier, gedruckt, geheftet;","Papier fleckigHeftung teilweise gelöst, ein Boge losePapierfraß",,
KnF-1758-47,43,1758,"Predigt,Schlacht,Preußen,Russland","Adolph Dieterich Ortmanns Inspectors zu Belitz Sieges-Predigt wegen der Schlacht bey Zorndorf gehalten über Jesaia, 26. v. I. 2. in der Kirche zu Belitz, 1758;","Ortmann, Adolph Dietrich, Verfasser;","Papier, gedruckt, geheftet; Pappe, Einband, braun geadert;",Seitenränder unbeschnitten,"Berlin, bey Christian Friedrich Voß, 1758.",
KnF-1758-48,43,1758,"Preußen,Ruhm,Panegyrik","Accurates Portrait Friderichs des Grösten Königs in Preußen. Oder Beantwortung der Frage: Was der König in Preußen vor ein Herr sey?, 1758;","Friedrich <Preußen, König, II.>, beteiligte Person;","Papier, gedruckt, geheftet;",Riß im Titelblatt geklebt,1758.,
KnF-1758-49,19,1758,"Predigt,Preußen,Russland,Schlacht","Dank-Predigt über den herrlichen Sieg, welcher von Seiner Majestät unserem Grosen Monarchen Den 25sten August 1758. bey Zorndorf gegen die Russen in Höchsteigener Person erfochten worden; gehalten in der hiesigen Garnisonkirche an dem 15ten Sonntage nach Trinitatis von Carl Friederich Wegener, Garnisonprediger., 1758;",,"Papier, gedruckt, geheftet;","Titelblatt fleckig, 2 Stücke abgerissenHeftung beschädigtgesamter Druck ursprünglich gefaltet","Berlin, 1758.",
KnF-1758-50,15,1758,"Predigt,Preußen,Kriegsalltag","Christian Friederich Sadewassers Königl. Preußischen Neumärckischen Consistorial-Raths, Pastoris und Inspectoris zu Cüstrin Erste Rede welche er nach der gäntzlichen Einäscherung dieser Stadt Domin. XV. p. Trin. über die Worte Daniels Cap. 9, v. 7. Herr, du bist gerecht, wir aber müssen uns schämen, zwischen denen Schutt und Aschenhaufen dieser verheerten Stadt gehalten hat. Auf Verlangen dem Druck übergeben., 1758;",,"Papier, gedruckt, geheftet;",,"Berlin, 1758. bey Johann Heinrich Rüdiger dem Jüngern, wohnhaft dem Königl. Schlosse gegen über, im Anthonischen Hause an der langen Brücke.",
KnF-1758-52,3,1758,"Schlacht,Preußen,Russland","Relation Des Avantages remportés sur le Roi de Prusse par l'Armée de Russie, avec la description de la Bataille la plus meurtriere qui se soit donnée de mémoire d'hommes. , [1758];",,"Papier, gedruckt, gefaltet;",,,
KnF-1758-53,31,1758,"Preußen,Gedicht,Ruhm,Kriegsverlauf,Soldatentum","Friederich Der Sieger. Ein Heldengedicht, Erstes Buch., 1758;","Friedrich <Preußen, König, II.>, beteiligte Person;","Papier, gedruckt, geheftet;",teilweise fleckig,Berlin 1758.,
KnF-1758-54,11,1758,"Preußen,Konfession,Gedicht","Sehr artige Vorstellungen seltener Dinge, die Zeit wirds Lehren. Samt einen Anhang von verschiedenen politischen Fragen., 1758;","Friedrich <Preußen, König, II.>;","Papier, gedruckt, geheftet; Pappe, Einband, blau;",Papier fleckig,"Berlin, 1758.",
KnF-1758-55,11,1758,"Österreich,Schlacht,Satire","Der hinkende Bothe oder die aufgehobene Belagerung von Neisse Ein Trauerspiel von drey Auftritten., 1758;",,"Papier, gedruckt, geheftet; Pappe, Einband, zweifarbig;",Papier fleckigim Titelblatt v-förmige Falten,1758.,
KnF-1758-56,11,1758,"Schlacht,Preußen,Österreich,Kriegsalltag,Kriegsverlauf","Preußische Nachricht von der blutigen Action, welche zwischen den 13ten und 14ten October bey Weisenberg ohnweit Bautzen in der Ober-Lausitz vorgefallten.[Oesterreichische Nachricht von dem herrlichen Sieg welchen die Kaiserl. Königl. Ungarische Waffen in der Ober-Lausitz bey Bautzen über die Königl. Preußische Armee den 14ten October dieses 1758sten Jahres erfochten haben.], [1758];",,"Papier, gedruckt, geheftet; Pappe, Einband, blaugrau;",zweiter Bogen lose,,
KnF-1758-57,19,1758,"Preußen,Ruhm,Konfession,Würde,Antike","Erweis daß der preußische Monarch Friederich der Gröste mit Alexander dem Großen nicht könne verglichen werden, 1758;","Friedrich <Preußen, König, II.>, beteiligte Person; Alexander <Makedonien, König, III.>, beteiligte Person;","Papier, gedruckt, geheftet; Pappe, Einband, dunkelblau;",Papier teilweise fleckig,"Amsterdam, 1758.",
KnF-1758-58,19,1758,"Preußen,Russland,Schlacht,Gedicht","Das Durch den von Friederich dem Grösten, König in Preussen den 25sten Augusti 1758. über die Russen erfochtenen Sieg verewigte Zorndorf., 1758;","Friedrich <Preußen, König, II.>, beteiligte Person;","Papier, gedruckt, geheftet; Papier, Einband, einfarbig;",Einband fleckigBlätter nicht beschnittenEcken genicktRänder teilweise eingerissen,"Berlin, 1758.",
KnF-1758-59,15,1758,"Preußen,Sachsen,Briefwechsel","Die Macht der Wahrheit in einem Schreiben des Herrn Grafen von Brühl an einen Kaufmann in Berlin und der Antwort des leztern. Die Arretirung des Sächsischen Cabinet-Canzlist Menzels betreffend., 1758;","Brühl, Heinrich von, beteiligte Person;","Papier, gedruckt, geheftet;",Papier teilweise fleckig,"Warschau, 1758.",
KnF-1759-1,15,1759,"Schlacht,Frankreich,Großbritannien,Kriegsverlauf","Noticia Da Batalha Alcançada pelos Francezes contra o Exercito Aliado de Hanover no dia 13. de Abril deste presente anno, junio ao lugar de Bergen., 1759;",,"Papier, gedruckt, geheftet; Pappe, Einband;",,Lisboa: Na Officina de Antonio Vicente Da Silva. Anno MDCCLIX.,
KnF-1759-2,17,1759,"Schlacht,Kriegsbild,Frankreich,Preußen,Großbritannien,Gedicht","Zwey Gespräche von der Rosbachischen und Mindenschen Schlacht zwischen einem Bürger, Bauern und Franzosen, 1759;",,"Papier, gedruckt, geheftet; Pappe, bemalt, zweifarbig;",Papier teilweise fleckig,1759.,
KnF-1759-3,19,1759,"Gedicht,Preußen,Schlacht,Ruhm,Panegyrik","Friederich der Große in dem Feldzuge 1758. besungen von D. A. R., 1759;",,"Papier, gedruckt, geheftet; Pappe, Einband, bemalt, zweifarbig;",Seiten teilweise unbeschnitten und gestoßenPapier teilweise fleckig,"Berlin 1759. bey Johann Heinrich Rüdiger, dem Königl. Schlosse gegen über, an der langen Brücke.",
KnF-1759-4,39,1759,"Streitschrift,Preußen,Staatsschrift,Kriegsschuldfrage,Rechtsfrage,Geschichte als Argument","Anmerkungen über die von Anbeginn des gegenwärtigen Kriegs bis anhero in dem öffentlichen Druck gediehene Königl. Preußische Kriegs-Manifesten, Circularien und Memoires.;",,"Papier, gedruckt, geheftet;",,"Wien und Prag, zu finden in denen Trattnerischen Buchhandlungen.",
KnF-1759-5,23,1759,"Ludwigsburg,Wien,Regensburg","Wahrhaftige und glaubwürdige Relation von dem großen und Pracht-vollen, solennen Sieges-Feste, so zu Ludwigsburg, im Würtemberger Lande, über den Rußischen Sieg bey Frankfurth an der Oder, gefeyret worden, nebst denen, sich bey diesem Sieges-Fest zugetragenen wunderbaren Begebenheiten; allen frommen Christen in Lehrreichen Anmerkungen und einem erbaulichen Liede mitgetheilet, und auf denen vornehmsten Straßen zu Wien und Regenspurg bey einem schönen Gemählde, wodurch alles mit dem Stecken recht deutlich erklähret werden konte, abgesungen von Franz Ludwig. Stelzfuß, Weltberühmten Bänkel-Sänger zu Ulm in Schwaben. Auf Verlangen vieler lieben Einwohner zu Hamburg nach einem correcten, und von dem Herrn Verfasser selbst revidirten, Exemplar nachgedruckt, 1759;",,"Papier, gedruckt, geheftet; Pappe, Einband, gefärbt, zweifarbig;",Heftung teilweise gelöstTitelblatt teilweise eingerissen,[...] und zu finden zu Hamburg in Garmsens Zeitungs-Bude bey der heil. Geist-Kirche. 1759.,
KnF-1759-6,23,1759,"Sachsen,Österreich,Preußen,Schlacht,Kriegsalltag,Soldatentum","Ordentliches Diarium, Was bey der Von der Kayserl. Königl. und combinirten Reichs-Executions-Armee unternommenen Belagerung Der Königl. und Churfürstl. Sächßischen Residentz-Stadt Dreßden, Auch darauf erfolgten Capitulation und Uebergabe, von 22. Aug. biß zum 9. Sept. täglich vorgegangen.[Fortgesetztes Diarium, was nach der von der Keyserl. Königl. und combinirten Reichs-Executions-Armee geschehenen Eroberung und Besitznehmung Der Königl. und Churfl. Sächß. Residenz-Stadt Dreßden nebst beygefügten Capitulations-Puncten, von 14. bis 21. September 1759. vorgegeangen.], 1759;",,"Papier, gedruckt, geheftet; Pappe, Einband, mehrfarbig;",,Anno 1759.,
KnF-1759-7,31,1759,"Pro Memoria,Staatsschrift,Reich,Großbritannien,Österreich,Konfession,Reichsverfassung,Dokumentenanhang","Pro Memoria der Chur-Braunschweigischen Comitial-Gesandtschaft, das Kaiserliche Commißions-Decret vom 5ten Febr. 1759. betreffend.;",,"Papier, gedruckt, geheftet;",S. 7/8 dunkler Fleck,,
KnF-1759-8,11,1759,"Satire,Deutschland,Kriegsalltag,Theaterstück",Die Comödie ohne Tittel ein Nachspiel.;,,"Papier, gedruckt, geheftet;",Papier teilweise fleckigBindung teilweise gelöstletzte Seite: Papierfraß?vorletzte Seite: eingerissenSeiten durchgängig in der Mitte durchstoßen,,
KnF-1759-9,63,1759,"Deutschland,Theaterstück,Antike","Der Krieg der Götter Ein Schauspiel von drey Aufzügen welches auf dem ietzigen Welttheater vorgestellet worden., 1759;",,"Papier, gedruckt, geheftet;","Bindung teilweise gelöstRücken ursprünglich beklebt, davon nur noch Reste vorhanden",1759.,
KnF-1759-10,19,1759,"Frankreich,Sachsen,Soldatentum,Bündnissystem,Neutralität","Memoire Pour Servir De Reponse Á L'Exposition Des Motifs De La Conduite Des Officiers Saxons, Qui Sont Au Service De France., 1759;",,"Papier, gedruckt, geheftet;","Papier gewelltS. 11-18, obere Ecke geknickt",1759.0,
KnF-1759-11,3,1759,"Soldatentum,Kriegsalltag,Frankreich","Relation De La Prise De La Ville De Minden, emportée l'Epée à la Main, par les Troupes Commandées par Mr. le Duc Broglio, avec le Détail de tout ce qui s'y est passé, écrit du Camp Derverdrenn, le 10 & 11. Juillet 1759. à 4. heures du Soir., [1759];",,"Papier, gedruckt;",FaltspurenSeiten unbeschnitten,"Sur L'Imprimé A Bordeaux.",
KnF-1759-12,1,1759,"Frankreich,Großbritannien,Preußen,Reich","Suplement A La Gazette De Cologne Du Vendredy, 5 Octobre 1759., 1759;",,"Papier, gedruckt;",FaltspurenBlatt teilweise unbeschnitten,,
KnF-1759-13,19,1759,"Reich,Konfession,Bündnissystem,Niederlande","Erweiß daß vor Holland, und vor die Freyheit von Europa nichts nützlicher wäre, als wenn Spanien in den Besitz der Oesterreichischen Niederlande gesetzet würde, geführet von A. S. v. Z., 1759;",,"Papier, gedruckt, geheftet;",Papier wellig und teilweise fleckigFaltspuren,"Straßburg, 1759.",
KnF-1759-14,23,1759,"Österreich,Reich,Kriegsalltag,Soldatentum","Das Bey der combinirten Kayserlichen Und Der Reichs Executions-Armee Eingeführte Recht der Winterquartiere In Betracht Auf derselben Veranstaltung, Uebernahm und davon geniessenden Befreyung, Auch Der denen Soldaten abzureichenden Gebühr, nebst dem dieserhalb puplicirten Kayserlichen Verpfleg- und Verhaltungs-Mandat d. d. Wien den 2. Jan. 1748., 1759;","Harrach, Johann Joseph Philipp von, beteiligte Person;","Papier, gedruckt, geheftet;","Heftung teilweise gelöst, Seiten 19-22 losePapier fleckig",1759.,
KnF-1759-15,11,1759,"Brief,Frankreich,Großbritannien,Marine","Lettre D'Un Voyageur À Un De Ses Amis, Au Sujet Des Grands Préparatifs De La Marine De France., 1759;",,"Papier, gedruckt, geheftet;",Papier welligHeftung teilweise gelöst,A La Haye 1759.,
KnF-1759-16,43,1759,"Preußen,Panegyrik,Ruhm,Konfession","Accurates Portrait Friederichs des Grösten Königs in Preußen. Oder Beantwortung der Frage: Was der König in Preußen vor ein Herr sey?, 1759;","Friedrich <Preußen, König, II.>, beteiligte Person;","Papier, gedruckt, geheftet; Pappe, Einband, blaugrau;",bei einigen Seiten obere Ecke geknickt Einband u. Seiten 1 bis 15 unten eingerissenPapier teilweise fleckig,1759.,
KnF-1759-17,39,1759,"Russland,Preußen,Sachsen,Kriegsalltag,Schlacht,Dokumentenanhang","Briefe die gegenwärtigen Welt-Geschäffte betreffend., 1759;","Brühl, Heinrich von;","Papier, gedruckt, geheftet; Pappe, Einband, blaugrau;","Seiten 6, 7, 9, 10, 11 und 14 Anstreichungen mit Bleistift",Dantzig 1759.,"Einband Rückseite innen: Stempel ""EX LIBRIS G. VANDEPUTTE"""
KnF-1760-4_1,17,1760,"Dokumentenanhang,Bündnissystem,Reich,Reichsverfassung,Österreich","Betrachtungen eines teutschen Publicisten über das Kayserliche allergnädigste Commißions-Decret an Eine Hochlöbliche allgemeine Reichs-Versammlung zu Regenspurg de dato 14 April 1760. eine abermalen anverlangende ergiebige Verwilligung von Römer-Monathen betreffend Dictatum Regenspurg den 15. April 1760. per Moguntinum., 1760;","Thurn und Taxis, Alexander Ferdinand von, Verfasser;","Papier, gedruckt, geheftet;",,"Regenspurg, 1760.",
KnF-1760-1_1,52,1760,"Friede,Großbritannien,Frankreich,Russland,Preußen,Österreich,Würde","Wohlgemeynte Vorschläge eines die jetzigen unglücklichen Zeiten beseufzenden Menschenfreundes auf was vor Bedingungen die jetzo in Krieg befangenen Mächte zu einem dauerhaftigen und ihrem allerseitigen Interesse gemässen Frieden gelangen könnten. Zur Aufmunterung ganz Deutschlandes., 1760;","Justi, Johann Heinrich Gottlob von, Verfasser;","Papier, gedruckt, geheftet; Pappe, Einband, Brauntöne;",Papier fleckig,Friedensnah 1760.,
KnF-1760-4_2,15,1760,"Preußen,Österreich,Reichsverfassung,Streitschrift,Bündnissystem","Beweiß, daß die gegenwärtige Macht des Königl. Preußischen Hauses mit der beständigen Erhaltung der Teutschen Reichs-Verfassung ohnmöglich bestehen könne. , 1760;",,"Papier, gedruckt, geheftet;",,,
KnF-1760-1_2,20,1760,"Kriegsalltag,Kriegsverlauf,Preußen,Österreich","Fortsetzung Der Sache Theresiens und Friederichs nach ihrer innern und wesentlichen Beschaffenheit, oder unpartheiische und freye Gedanken aus der Kriegskunst, Politik, und neuesten Geschichte über den gegenwärtigen Krieg und Zustand Europens, zum Besten dererjenigen, welche der Unwissenheit und Vorurtheilen entsagen wollen. Zweyter Theil. , 1760;","Friedrich <Preußen, König, II.>, beteiligte Person; Maria Theresia <Österreich, Erzherzogin, 1717-1780>, beteiligte Person; Daun, Leopold von, beteiligte Person; Laudon, Gideon Ernst von, beteiligte Person;","Papier, gedruckt, geheftet; Pappe, Einband, Brauntöne;",Papier teilweise fleckig,Wien und Berlin. 1760.,
KnF-1760-2,43,1760,"Friede,Konfession,Rechtsfrage,Pro Memoria,Preußen,Sachsen,Österreich,Russland,Frankreich,Großbritannien,Schweden","Unpartheiische Gedancken, auf was Weise der unter denen höchsten und hohen kriegenden Theilen zu errichtende Friede auf das allersicherste geschlossen werden könte in einem Schreiben entworfen., 1760;",,"Papier, gedruckt, geheftet;",Papier teilweise fleckigeinige Seiten unten nicht beschnitten,"Haag, 1760.",
KnF-1760-3,37,1760,"Streitschrift,Großbritannien,Österreich,Reichsverfassung,Rechtsfrage,Dokumentenanhang,Kriegsalltag","Pro Memoria der Chur-Braunschweigischen Comitial-Gesandschaft, das Reichs-Hofraths-Conclusum vom 18ten Jul. und das Kaiserl. Hof-Decret vom 1ten August d. J. betreffend., 1760;",,"Papier, gedruckt, geheftet;",Papier wellig,1760.,
KnF-1760-5,9,1760,"Preußen,Österreich,Kriegsverlauf,Streitschrift","Das Preußische A. B. C. oder Lob-Gedicht auf den Königl. Preußischen Minister Freyherrn von Plotho., 1760;","Plotho, Erich Christoph von, beteiligte Person; Friedrich <Preußen, König, II.>;","Papier, gedruckt, geheftet;","Titelblatt eingerissen, obere und untere Ecke aller Seiten geknickt","Wien, gedruckt und zu finden bey Joseph Kurtzböck, Universit. Buchdruckern in der Bognergasse im Hofglaserischen Hause. 1760",
KnF-1760-6,76,1760,"Reich,Münzwesen,Dokumentenanhang","Gesätzmäßige Beantwortung dreyer des teutschen Münzwesen betreffenden Fragen 1737., 1760;",,"Papier, gedruckt, geheftet;",Papier fleckig,"Freystatt, 1760.",
KnF-1760-7,57,1760,"Reich,Reichsverfassung,Sachsen","D. Johann Friedrich Eisenhards, öffentlichen Lehrers der Rechte auf der Julius-Carls-Universität und der Juristen Facultät Beysitzers Abhandlung von dem Rechte der Stände des Heil. Röm. Reichs auswärtigen Mächten Kriegs-Völker zu überlassen, wie auch Von der Ausübung dieses Rechts nach den Reichs-Gesetzen und demjenigen was solchen überlassenen Kriegs-Völkern gebühret., 1760;",,"Papier, gedruckt, geheftet;",Papier teilweise fleckig und gewellteinige Seiten ungleichmäßig beschnittenTitelblatt im Bereich der Heftung löchrig,Franckfurt und Leipzig 1760.,
KnF-1760-8,99,1760,"Sachsen,Rechtsfrage,Dokumentenanhang","Ueberzeugender Beweiß, daß von uralten Zeiten her, vermöge Kayßerlicher Begnadigungen, wie überhaupt dem Hochfürstlichen Hause Sachßen, Ernestinischer Linie, also insonderheit auch Sachßen-Hildburghausen, das Münz-Regale zustehe., 1760;",,"Papier, gedruckt, geheftet;",Papier gewelllt und fleckigbei den Seiten 99 bis 102 Bindung teilweise gelöst,Nach dem Originalexemplar de An. 1759. abgedruckt. 1760.,
KnF-1760-9,15,1760,"Kriegsalltag,Kriegsverlauf,Preußen,Österreich","Fortsetzung Der Sache Theresiens und Friederichs nach ihrer innern und wesentlichen Beschaffenheit, oder unpartheyische und freye Gedanken aus der Kriegskunst, Politik, und neuesten Geschichte über den gegenwärtigen Krieg und Zustand Europens, zum Besten dererjenigen, welche der Unwissenheit und den Vorurtheilen entsagen wollen. Zweyter Theil., 1760;","Friedrich <Preußen, König, II.>, beteiligte Person; Maria Theresia <Österreich, Erzherzogin, 1717-1780>, beteiligte Person; Daun, Leopold von, beteiligte Person; Laudon, Gideon Ernst von, beteiligte Person;","Papier, gedruckt, geheftet;",Papier teilweise fleckig und gewellt,Wien und Berlin. 1760.,
KnF-1761-1,15,1761,"Kriegsalltag,Friede","Empfindungen bey dem Anfange des 1761sten Jahres von F. A. Cöler., [1761];","Friedrich <Preußen, König, II.>;","Papier, gedruckt, gefaltet;",Seiten ungleichmäßig beschnitteneinige Seiten nicht aufgeschnitten,"Berlin und Stettin, zu finden bey Johann Heinrich Rüdiger.",
KnF-1761-2,112,1761,"Friede,Dokumentenanhang,Bündnissystem,Vertrag","Memoire Historique Sur la négociation de la France & de l'Angleterre, depuis le 26 Mars 1761 jusqu'au 20 Septembre de la même année, avec les Pièces justificatives., 1761;","Choiseul, Étienne-François de, beteiligte Person; Pitt, William <der Ältere>, beteiligte Person;","Papier, gedruckt, geheftet;",Titelblatt an der Heftung und den Ecken beschädigt Bindung löst sich teilweiseSeiten ungleichmäßig beschnittenauf einigen Seiten Wasserschaden,"Suivant La Copie De L'Imprimerie Royale De Paris. M. DCCLXI.",
KnF-1761-3,9,1761,"Predigt,Preußen,Ruhm,Soldatentum","Johann Friderich Tiede, Königl. Preußischen Feldpredigers bey dem Anhalt-Bernburgschen Infanterie-Regiment, Dankrede nach erfochtenem Siege bey Liegnitz. Bey Neumark den 17ten August 1760 gehalten. , 1761;","Friedrich <Preußen, König, II.>;","Papier, gedruckt;",Seiten ungleichmäßig beschnitten Seitenränder gestoßenFaltspuren,Breslau. 1761.,
KnF-1761-4,39,1761,"Friede,Münzwesen,Reich","Patriotische Vorschläge Die Früchte des künftigen Friedens noch allgemeiner als die schädlichen Wirkungen des bisherigen allgemeinen Krieges zu machen., 1761;",,"Papier, gedruckt, geheftet;",Papier teilweise fleckigTitelblatt im unteren Bereich geknicktzweite Seite eingerissen und Ecken geknickt,Franckfurth und Leipzig. 1761.,
KnF-1761-5,15,1761,"Sachsen,Kriegsalltag,Reich","Nachricht von einer besondern Art Heuschrekken aus dem Reiche der Natur., 1761;",,"Papier, gedruckt, geheftet; Pappe, Einband, gestrichen, weiß u. grau;",Papier fleckig,1761.,
KnF-1762-1,153,1762,"Russland,Polemik","La Vie Du Comte De Totleben, Ci-devant Colonel au Service des Etats Généraux des Provinces-Unies, & dernierement Lieutenant-Général des Armées de Sa Majesté l'Impératrice de toutes les Russies; Contenant Ses Avantures Et Ses Campagnes. Avec Un Traité Intitulé: Le Comte De Totleben Ressuscité Et Disculpé. Traduite du Hollandois., 1762;",,"Papier, gedruckt, geheftet; Pappe, Einband, einfarbig;",einige Seiten unbeschnittenEinband fleckig,"à Cologne, chez Pierre Marteau MDCCLXII.",
KnF-1762-2,3,1762,"Preußen,Russland,Friede","Notificatorium wewgen des zwischen Seiner Königlichen Majestät in Preußen und Seiner Kayserlichen Majestät von allen Reußen den 24. April / 5. May 1762 geschlossenen erwünschten Friedens., 1762;","Friedrich <Preußen, König, II.>; Peter <Russland, Zar, III.>;","Papier, gedruckt;",WasserschadenFaltspurenRänder nicht beschnitten,Königsberg den 5. Julii 1762. gedruckt in der Königl. Preul.[!] Hof- und Academisch-Hartungschen Buchdruckerey.,
KnF-1763-1,23,1763,"Preußen,Gedicht,Panegyrik,Antike,Freimaurer","Die wahre Grösse eines Helden wurde in einer Rede, welche an dem feierlichen hohen Geburtsfeste Friederichs des Grossen, in der gerechten und vollkommenen Freymäurer-Loge Philadelphia zu den drey goldnen Armen gehalten wurde, geschildert von dem Bruder Redner. Im Jahr der Freymäurer 5763. den 24ten Jenner., 1763;","Hemmerde, Carl Hermann, Verleger; Friedrich <Preußen, König, II.>;","Papier, gedruckt, geheftet; Papier, Einband, mehrfarbig;",Papier teilweise verfärbt und wellig,"Halle im Magdeburgischen, bey Carl Hermann Hemmerde, 1763.",
KnF-1763-2,7,1763,"Gedicht,Panegyrik,Preußen","Ode auf die Wiederkunft des Königes: Berlin, den 30. März, 1763., 1763;","Ramler, Karl Wilhelm, Verfasser; Friedrich <Preußen, König, II.>;","Papier, gedruckt;",4 lose BlätterTitelblatt fleckig,,
KnF-1763-3,15,1763,"Friede,Kriegsalltag","Herrn Johann Adolph Behm, aus dem Strelizischen, der G. Gelahrheit Beflissenen, feierliche Rede, von dem Einflus des Fridens in den Flor der Wissenschaften, an dem von Sr. Herzogl. Durchl. zu Meklenburg-Schwerin etc. etc. unserm gnädigsten Herzoge und Herrn, zur öffentlichen Fridens Feier verordneten Tage, den 3ten Julii, 1763. im grössern Hörsale der Rostokschen Akadmie bei ansehnlicher Versamlung gehalten, und nun auf öffentliche Kosten, zum Andenken diser Feierlichkeit, dem Druk übergeben., [1763];","Friedrich <Mecklenburg-Schwerin, Herzog, II.>, beteiligte Person;","Papier, gedruckt;",Papier fleckig2 Bögen nur teilweise aufgeschnittenTitelblatt und folgende Seite am oberen Rand beschädigt.Faltspuren,"Rostok, gedrukt mit Adlerischen Schriften.",